"subjectID","addictionProne_m_overall","materialism_m_overall","materialism_m_success","materialism_m_centrality","materialism_m_happiness","socialNet_m_overall","selfControl_m_overall","procrastination_m_overall","bigFive_m_overall","bigFive_m_extroversion","bigFive_m_agreeableness","bigFive_m_conscientiousness","bigFive_m_neuroticism","bigFive_m_openness","wellBeing1_m_overall","wellBeing1_m_spane_p","wellBeing1_m_spane_n","wellBeing2_m_overall","ResponseID","age","gender","ethnicity","ses","life_satisfaction","adblock_computer","adblock_phone","a_prime","netflix","foodora","uber_eats","facebook_rank","instagram_rank","snapchat_rank","twitter_rank","youtube_rank","netflix_rank","tumblr_rank","weibo_rank","ads1","ads2","ads3","ads4","ads5","noAd_price","predict_1","predict_5","predict_10","predict_20","facebook_years","instagram_years","snapchat_years","twitter_years","youtube_years","netflix_years","tumblr_years","weibo_years","facebook_mins","instagram_mins","snapchat_mins","twitter_mins","youtube_mins","netflix_mins","tumblr_mins","weibo_mins","percent_phone","main_reason","less_time","distraction","healthier","procrast","fin_resp","never_invent","o_12_1","weekly_sm_time","daily_sm_time"
1,0.714285714285714,2.22222222222222,2.5,2.57142857142857,1.4,3.37931034482759,3,2.83333333333333,3.70454545454545,3.5,5,3.88888888888889,1.75,4.1,3.16666666666667,5,1.33333333333333,7,"R_3O69NLBXdFBcYTa",17,"m","southeast asian/indian","",1,1,0,0,0,0,0,5,1,2,6,4,3,7,8,7,1,1,7,4,49,4,5,6,6,4,3,3,0,8,5,0,0,10,45,20,0,26,20,0,0,70,"interact with friends",3,4,4,2,3,4,672,725,121
2,0.761904761904762,3.22222222222222,3.33333333333333,3.28571428571429,3,4.60714285714286,2.92307692307692,4,3.52272727272727,3.5,3.66666666666667,3.33333333333333,3.375,3.7,3.66666666666667,4,3.33333333333333,6.5,"R_3s4iQGWVwMCpT0W",18,"f","hispanic/latino","",2,0,0,0,1,0,0,5,1,2,6,3,4,7,8,3,3,2,2,3,2,4,4,5,5,6,5,5,6,10,3,0,0,60,180,180,0,90,180,0,0,100,"hobby related",1,1,6,1,1,6,1343,1394,690
3,0.80952380952381,3.05555555555556,3.33333333333333,2.71428571428571,3.2,5.13793103448276,3.46153846153846,2.58333333333333,3.15909090909091,2.625,3,3.66666666666667,3.125,3.3,3.5,4,3,5,"R_PFX2ZYYc6YpAdfr",17,"m","hispanic/latino","4",2,0,0,0,1,0,0,7,3,5,6,2,4,1,8,5,3,3,6,5,5,4,4,5,6,1,6,3,2,8,6,2,0,0,45,10,0,100,0,90,0,35,"entertainment",3,5,3,3,3,6,1404,1414,245
4,0.714285714285714,2.94444444444444,3.16666666666667,2.28571428571429,3.6,6.55172413793103,2.84615384615385,2.75,3.09090909090909,2.875,2.88888888888889,3,3.25,3.4,3,3,3,4,"R_3isRou3isih4yjz",18,"m","asian/asian canadian","5",4,1,0,0,0,0,0,4,3,2,6,1,5,7,8,7,1,1,7,7,0,4,4,4,4,10,4,3,1,10,0,0,0,180,180,180,0,180,0,0,0,100,"boredom",4,4,4,4,4,4,NA,NA,720
5,0.666666666666667,2.83333333333333,2.5,3.42857142857143,2.4,7.89655172413793,3.07692307692308,3.5,3.27272727272727,2.375,4.22222222222222,3.11111111111111,2.875,3.6,3.5,4.33333333333333,2.66666666666667,6.125,"R_ZrGrdS3vOWRxJnj",18,"f","asian/asian canadian","",3,1,0,1,1,0,1,4,3,2,6,1,5,7,8,4,3,3,5,4,NA,4,4,5,6,9,3,5,3,8,2,0,0,60,90,120,0,120,90,0,0,70,"entertainment",3,4,3,1,1,7,1831,1844,480
6,0.523809523809524,3,2.83333333333333,2.85714285714286,3.4,10.4642857142857,2.53846153846154,4.25,3.36363636363636,3.625,3,3.22222222222222,2.875,4,3.16666666666667,4.66666666666667,1.66666666666667,5.75,"R_8uHNpF1bXxG7fHP",18,"m","asian/asian canadian","5",2,1,1,0,0,0,0,1,3,2,5,4,6,7,8,1,7,7,4,5,5,4,4,5,6,10,6,6,0,10,2,0,0,180,180,60,0,180,0,0,0,82,"interact with friends",7,7,3,3,4,7,2319,2332,600
7,0.666666666666667,3.16666666666667,3,3,3.6,3.27586206896552,3.23076923076923,3,3.61363636363636,3.125,4,3.66666666666667,3.5,3.7,2.75,2.5,3,4.5,"R_XLpcCWpAvUtfgkN",18,"f","southeast asian/indian","",3,1,0,0,1,0,0,6,1,3,7,4,5,2,8,4,3,2,4,5,3,4,4,5,5,4,6,7,0,10,3,0,0,17,60,62,0,29,47,0,0,80,"interact with friends",4,4,3,2,5,6,2014,2045,215
8,0.714285714285714,3,2.33333333333333,3.28571428571429,3.4,6.31034482758621,2.61538461538462,2.66666666666667,3,2.625,3.44444444444444,2.88888888888889,3.125,2.9,2.91666666666667,2.5,3.33333333333333,3.5,"R_2ASkfzdWUkAHgEN",18,"f","asian/asian canadian","7",3,0,0,0,0,0,1,4,1,5,6,2,3,7,8,7,1,1,4,4,0,4,4,4,5,8,6,4,0,10,0,0,0,30,60,10,0,120,0,0,0,90,"entertainment",3,4,3,4,3,5,550,580,220
10,0.714285714285714,2.94444444444444,2.33333333333333,3.14285714285714,3.4,5.31034482758621,1.61538461538462,4.75,2.84090909090909,2.875,3,2.55555555555556,2.75,3,3,3.33333333333333,2.66666666666667,4.25,"R_2tlkgnfglKX0TqF",19,"m","asian/asian canadian","6",4,0,0,1,0,0,1,6,4,7,3,1,5,8,2,7,1,1,7,7,100,4,4,5,6,0,0,0,0,2,0,0,4,0,0,0,0,60,0,0,30,45,"see other people",1,1,1,1,1,5,672,697,90
11,0.428571428571429,3.22222222222222,3,3.71428571428571,2.8,3.58620689655172,2.84615384615385,3.58333333333333,3,3.125,3,2.88888888888889,3.25,2.8,2.75,2.33333333333333,3.16666666666667,3.875,"R_1jNVIvOo2VZ96jp",18,"f","southeast asian/indian","5",2,1,0,0,0,0,0,5,1,4,6,3,2,7,8,7,1,1,7,7,25,4,4,4,5,7,6,4,5,5,2,0,0,13,75,25,0,85,0,0,0,70,"see other people",3,3,4,1,2,7,NA,NA,198
12,0.619047619047619,3.72222222222222,3.33333333333333,3.42857142857143,4.6,7.32142857142857,2.69230769230769,3.81818181818182,2.70454545454545,3.125,3.11111111111111,2.55555555555556,2.25,2.5,3,3,3,3,"R_BX81mWEhLIo2sEh",18,"f","southeast asian/indian","2",6,0,0,0,1,0,0,5,1,3,6,2,4,7,8,3,3,3,6,6,0,1,2,5,5,6,5,3,0,7,1,0,0,9,180,108,0,108,51,0,0,92,"trend spotting",5,2,2,2,3,7,2441,2501,456
13,0.857142857142857,3.38888888888889,3,3.71428571428571,3.4,5,2.84615384615385,2.83333333333333,3.38636363636364,3.25,3.55555555555556,3,3.125,3.9,2.5,2.66666666666667,2.33333333333333,5.125,"R_3FWo3AZNKWTDv3y",20,"f","asian/asian canadian","5",3,1,1,1,1,0,1,6,2,5,8,1,4,7,3,7,1,2,6,4,11,4,4,4,5,3,9,5,1,10,9,1,8,5,30,20,3,40,50,1,35,50,"entertainment",2,3,2,1,2,5,184,239,184
14,0.476190476190476,2.94444444444444,2.83333333333333,3.42857142857143,2.4,6.31034482758621,3.15384615384615,2.58333333333333,3.06818181818182,3.375,3.55555555555556,2.55555555555556,2.75,3.1,2.58333333333333,3.33333333333333,1.83333333333333,5.5,"R_3saISeBKCoYuEBM",19,"f","asian/asian canadian","7",2,0,0,1,0,0,1,4,3,5,6,2,8,7,1,4,1,1,6,5,271,1,1,1,1,1,1,0,0,4,0,0,10,0,10,0,0,120,0,0,75,62,"interact with friends",1,3,3,1,1,4,855,904,205
15,0.761904761904762,1.83333333333333,1.5,2.57142857142857,1.2,5.82758620689655,3.46153846153846,2.41666666666667,4.02272727272727,3.5,4.33333333333333,4.11111111111111,4.125,4,3.08333333333333,3.66666666666667,2.5,6.375,"R_3gMVIXPA12YMBCC",17,"f","native canadian","4",1,1,0,1,1,0,1,5,4,3,6,1,2,7,8,7,1,1,7,7,0,1,1,4,4,7,5,5,0,3,3,0,0,0,60,70,0,120,30,0,0,50,"boredom",1,1,1,1,1,1,367,373,280
16,0.666666666666667,2.5,2.66666666666667,2.28571428571429,2.6,4.03448275862069,2.38461538461538,4,2.93181818181818,3.125,3.77777777777778,2.22222222222222,2.25,3.2,2.83333333333333,4.5,1.16666666666667,5.75,"R_3dSzSBOatWbsxRd",18,"f","southeast asian/indian","6",1,0,0,1,1,0,0,5,2,4,6,3,1,7,8,6,1,2,7,2,NA,3,4,6,7,1,7,4,0,4,8,0,0,3,55,20,0,30,130,0,0,70,"procrastinate",1,1,1,1,1,4,123,152,238
17,0.714285714285714,2.5,1.5,3,3,2.89655172413793,3.53846153846154,3.41666666666667,3.43181818181818,4.25,3.44444444444444,3.33333333333333,2.5,3.6,3.33333333333333,4.33333333333333,2.33333333333333,7,"R_1I6p4gr0yaAmu0o",19,"f","asian/asian canadian","5",1,0,0,1,0,0,0,4,1,2,5,3,6,7,8,4,1,1,4,5,100,4,3,2,1,8,5,5,2,8,2,0,1,15,180,100,6,38,6,0,0,58,"interact with friends",5,2,1,4,1,2,855,863,345
18,0.380952380952381,2.55555555555556,2.5,2.42857142857143,2.8,4.96551724137931,3.92307692307692,1.83333333333333,3.38636363636364,3.25,4,3.77777777777778,2.625,3.2,3,4.33333333333333,1.66666666666667,6.25,"R_2Yxk0ad3YRAWzkf",18,"f","asian/asian canadian","",3,0,0,0,1,0,0,3,1,5,6,2,4,8,7,7,1,1,7,7,25,2,3,4,5,6,3,1,1,7,2,0,0,60,90,30,10,90,0,0,0,30,"relax",5,6,1,3,2,7,916,942,280
19,0.714285714285714,3.38888888888889,3.5,3.28571428571429,3.4,6,2.53846153846154,3.66666666666667,3.22727272727273,3.5,3.88888888888889,3.44444444444444,2.5,2.8,3.16666666666667,4.5,1.83333333333333,6.125,"R_2Pv4nJo70O5V8Uy",17,"f","african canadian/black","7",2,1,0,0,1,0,0,6,2,4,8,1,3,7,5,7,1,1,6,6,2,4,3,3,3,4,3,3,0,4,3,0,0,0,30,30,0,64,91,0,0,46,"trend spotting",6,6,2,1,1,5,306,316,215
20,0.571428571428571,3.16666666666667,2.5,3.14285714285714,4,4.6551724137931,2.69230769230769,3.33333333333333,3.31818181818182,1.75,4.44444444444444,2.88888888888889,3.75,3.6,2.66666666666667,2.16666666666667,3.16666666666667,4.625,"R_3hnFcMvsMrK5Vs9",18,"f","southeast asian/indian","6",3,1,0,0,0,0,0,3,1,6,4,2,5,7,8,6,2,2,6,5,31,4,3,5,5,3,1,0,0,6,1,0,0,10,40,0,0,30,0,0,0,70,"interact with friends",3,3,2,1,4,5,184,198,80
21,0.523809523809524,2.66666666666667,3,1.85714285714286,3.4,5.13793103448276,3.07692307692308,3.25,2.95454545454545,1.375,2.44444444444444,3.44444444444444,4.125,3.3,3.41666666666667,2.83333333333333,4,2.5,"R_0DIRsN6T1darxgl",21,"f","asian/asian canadian","5",6,0,0,0,0,0,0,2,3,5,6,1,4,8,7,3,1,3,4,3,0,2,3,3,3,9,1,0,0,10,0,0,0,29,10,0,0,50,0,0,0,45,"hobby related",2,3,4,1,4,5,NA,NA,89
22,0.761904761904762,3.72222222222222,3.83333333333333,3.85714285714286,3.4,10.6,2,4.25,3.29545454545455,3.625,3.55555555555556,2.66666666666667,3.125,3.5,2.08333333333333,1.83333333333333,2.33333333333333,3,"R_3J2T0MhJxi7QUYZ",19,"m","asian/asian canadian","",3,0,0,0,1,0,1,2,1,5,6,3,4,7,8,6,2,2,6,6,NA,5,6,6,6,7,4,5,0,10,3,0,0,60,120,0,0,60,20,0,0,80,"interact with friends",2,2,2,2,2,4,NA,NA,260
23,0.428571428571429,3.16666666666667,3.33333333333333,3.14285714285714,3,9.31034482758621,4.53846153846154,1,3.09090909090909,2.875,3.33333333333333,3.33333333333333,2.75,3.1,5,5,5,7,"R_82nUqr3sTIRX0Up",21,"m","southeast asian/indian","",1,0,0,0,1,0,0,1,8,7,2,6,3,4,5,4,4,4,4,4,1000,7,7,7,7,10,10,10,10,10,10,10,0,0,0,0,0,0,0,0,0,NA,"entertainment",7,7,7,7,7,7,1,3,0
24,0.666666666666667,3.61111111111111,3,4.42857142857143,3.2,8,4.53846153846154,1,3.97727272727273,2.875,5,4.88888888888889,2.625,4.2,3.58333333333333,5,2.16666666666667,7,"R_25XUed6gTNSu6Jo",18,"f","West Indian","",2,1,1,1,1,0,1,7,1,3,2,4,5,6,8,7,1,1,7,3,NA,1,1,1,1,3,7,7,7,9,4,6,0,30,31,16,16,60,60,10,0,90,"interact with friends",1,7,4,6,2,7,245,258,223
25,0.666666666666667,2.77777777777778,2.66666666666667,2.71428571428571,3,8.6551724137931,2.23076923076923,3.5,3.43181818181818,2.125,3.55555555555556,2.88888888888889,4.625,3.9,3.75,3.5,4,4.375,"R_3fZxqdNiMOLr68l",20,"f","asian/asian canadian","7",4,1,1,0,1,0,0,7,3,5,6,1,4,2,8,7,1,1,7,6,0,4,4,4,4,10,5,3,2,10,2,2,0,15,15,5,30,180,180,60,0,50,"entertainment",3,3,1,1,1,4,1526,1542,485
26,0.619047619047619,2.38888888888889,2.33333333333333,2.28571428571429,2.6,3.86206896551724,3.15384615384615,2.33333333333333,3.18181818181818,3.375,3.77777777777778,3.22222222222222,1.625,3.7,3,4.33333333333333,1.66666666666667,5.75,"R_bdsTZDRw5d7KMZX",19,"f","white/caucasian","6",1,1,0,1,1,1,0,5,1,3,6,4,2,7,8,6,2,2,4,5,75,4,4,3,3,4,4,4,0,6,3,0,0,28,39,21,0,31,62,0,0,93,"boredom",2,3,6,3,4,4,62,100,181
27,0.523809523809524,3.61111111111111,4,3.42857142857143,3.4,5.13793103448276,3.38461538461538,2,3.25,2.75,3.77777777777778,3.11111111111111,3.75,2.9,2.83333333333333,2,3.66666666666667,2,"R_2YcitjOkzie5TsF",19,"f","asian/asian canadian","4",2,1,0,0,0,0,1,4,3,7,6,1,5,8,2,6,1,1,6,4,15,7,7,1,7,2,2,0,0,7,0,0,8,0,0,0,0,32,0,0,68,51,"interact with friends",3,3,3,3,3,3,1831,1891,100
28,0.714285714285714,2.16666666666667,2.16666666666667,1.85714285714286,2.6,4.48275862068965,2.92307692307692,3.16666666666667,4.06818181818182,4.25,5,4.66666666666667,1.75,4.4,2.83333333333333,4.5,1.16666666666667,6.25,"R_2YQkWydkIu4WvK8",17,"m","asian/asian canadian","5",2,1,0,1,1,0,0,6,2,4,5,1,3,7,8,6,3,1,7,6,NA,4,4,5,6,5,4,3,1,10,3,2,0,0,150,60,0,136,30,0,0,75,"entertainment",3,2,3,2,5,6,123,131,376
29,0.666666666666667,2.94444444444444,2.33333333333333,2.28571428571429,4.6,2.89655172413793,3.23076923076923,3.91666666666667,2.59090909090909,1.5,3.33333333333333,3.22222222222222,3.25,1.7,2.75,2.16666666666667,3.33333333333333,3.125,"R_1roG00S5zAsAAKH",19,"m","white/caucasian","3",6,1,0,1,0,0,0,3,6,2,4,1,5,8,7,6,4,1,7,6,NA,4,1,4,5,10,0,4,4,10,2,0,0,20,0,15,0,120,0,0,0,3,"see other people",7,7,1,1,6,7,123,128,155
30,0.666666666666667,3.44444444444444,3,4.42857142857143,2.6,6.37931034482759,2.15384615384615,3.75,3.36363636363636,3.375,3.11111111111111,3,3.375,3.9,3.08333333333333,2.66666666666667,3.5,3.375,"R_571dfxEnuj4pR61",20,"f","hispanic/latino","8",3,0,0,1,1,0,1,7,4,2,1,5,3,6,8,5,1,1,5,4,201,4,5,6,6,7,6,5,7,9,4,0,0,0,55,133,137,44,33,0,0,100,"procrastinate",5,3,2,2,2,6,1343,1400,402
31,0.80952380952381,2.38888888888889,2.66666666666667,2.57142857142857,1.8,4,3.69230769230769,2.25,3.81818181818182,4.25,3.22222222222222,4.55555555555556,2.25,4.6,3.33333333333333,5,1.66666666666667,7,"R_2q8dbhJhFVzcmFC",24,"m","white/caucasian","6",1,1,0,0,0,0,0,6,2,4,5,1,3,7,8,7,1,1,7,7,1000,4,4,4,4,6,2,1,1,10,6,0,0,0,64,0,0,20,0,0,0,100,"posting",3,3,1,1,7,4,306,356,84
32,0.666666666666667,3.38888888888889,2.5,3.57142857142857,4.2,5.27586206896552,2.30769230769231,3.5,3.29545454545455,3.375,3.44444444444444,2.55555555555556,4,3.2,3.5,3.16666666666667,3.83333333333333,3.625,"R_1jCgvFpCy52Dti2",18,"m","asian/asian canadian","5",5,1,0,1,1,0,0,6,2,4,1,3,5,7,8,7,1,1,6,4,5,5,4,6,7,8,6,5,7,10,4,2,0,20,25,21,30,30,90,10,0,30,"entertainment",1,1,1,1,1,3,245,262,226
33,0.714285714285714,2.72222222222222,3,2.57142857142857,2.6,6.21428571428571,2.84615384615385,3.83333333333333,2.70454545454545,2.625,3.33333333333333,2.33333333333333,2.5,2.7,3,3,3,4.625,"R_1JXjPLWers0Pxga",20,"m","white/caucasian","6",3,1,0,0,1,0,1,2,5,4,1,3,6,7,8,6,1,1,7,7,60,2,2,2,2,10,5,6,10,10,2,0,0,60,10,60,120,154,12,0,0,60,"news",2,2,2,1,3,6,733,NA,416
34,0.666666666666667,4.11111111111111,3.83333333333333,4.28571428571429,4.2,5.7037037037037,2.30769230769231,3.75,3.72727272727273,4.25,3.77777777777778,3.11111111111111,3.375,4.1,3.91666666666667,3.33333333333333,4.5,4.25,"R_2TnqYZTOA9IBA7q",19,"f","southeast asian/indian","",5,1,1,1,1,0,1,5,2,3,8,4,1,6,7,7,2,2,7,3,201,4,3,6,NA,4,5,3,1,10,6,3,0,15,60,15,0,33,63,0,0,81,"entertainment",4,4,2,2,2,6,428,446,186
35,0.523809523809524,2.72222222222222,2.33333333333333,2.28571428571429,3.8,4.78571428571429,3.30769230769231,3.5,3.29545454545455,1.75,3.22222222222222,4.55555555555556,3.875,3,2.75,2,3.5,3.625,"R_3pfJTHOwZQbsj6F",19,"f","african canadian/black","3",6,0,0,0,1,0,0,4,5,3,6,2,1,7,8,6,1,2,4,3,0,3,4,5,6,6,1,4,0,9,3,0,0,30,30,60,0,120,60,0,0,100,"entertainment",6,3,1,1,4,7,1526,1572,300
36,0.714285714285714,3.77777777777778,3.66666666666667,4,3.6,6.3448275862069,2.07692307692308,2.16666666666667,3.68181818181818,3.5,3.44444444444444,3.88888888888889,3.875,3.7,3,3.83333333333333,2.16666666666667,5.75,"R_3gZ6LgFWsf1y3K0",18,"f","white/caucasian","4",2,1,0,0,1,0,1,6,3,2,5,4,1,7,8,7,1,1,3,4,204,4,5,5,7,8,5,4,8,10,3,6,0,17,59,125,11,9,156,0,0,81,"entertainment",6,2,1,1,1,7,1221,1239,377
37,0.714285714285714,3.33333333333333,3.66666666666667,3.42857142857143,2.8,5.82758620689655,3.07692307692308,3.91666666666667,3.43181818181818,3.625,3.66666666666667,2.77777777777778,3,4,3.08333333333333,3.5,2.66666666666667,4.375,"R_1guXFgp49E3ykEp",19,"f","asian/asian canadian","",3,0,0,0,1,0,1,6,1,4,7,5,2,8,3,7,1,1,4,4,100,4,5,5,6,7,5,4,3,6,2,0,7,10,91,29,11,30,129,0,28,65,"see other people",1,1,2,1,1,3,NA,NA,328
38,0.619047619047619,3.11111111111111,3.16666666666667,3,3.2,5.48275862068965,2.69230769230769,3.5,3.15909090909091,3,3.22222222222222,3.33333333333333,3.125,3.1,3.16666666666667,3.66666666666667,2.66666666666667,5.625,"R_3fAXIfCVjBjpM6b",20,"m","southeast asian/indian","3",3,1,1,1,0,0,0,4,2,5,3,1,6,7,8,4,3,5,4,6,100,2,5,5,5,7,4,1,3,10,1,0,0,29,14,8,19,108,5,0,0,99,"interact with friends",4,5,2,1,4,7,184,185,183
39,0.714285714285714,2.55555555555556,2.33333333333333,2.71428571428571,2.6,6.10344827586207,1.84615384615385,4.41666666666667,3.02272727272727,3,3.66666666666667,1.55555555555556,3.5,3.4,3.16666666666667,3.5,2.83333333333333,4.375,"R_1OOcgGJfHdtWJ3o",18,"m","asian/asian canadian","",4,1,0,0,1,0,0,4,2,3,6,1,5,7,8,6,1,2,7,7,100,4,6,6,6,3,3,2,0,10,6,0,0,10,140,35,0,180,0,0,0,60,"procrastinate",1,1,4,1,4,3,550,577,365
40,0.904761904761905,4.05555555555556,4.66666666666667,3.57142857142857,4,6.89655172413793,3.07692307692308,3,3.29545454545455,2.875,3.33333333333333,3,3.75,3.5,3.08333333333333,2.33333333333333,3.83333333333333,2.125,"R_Q9XINAl8Cb51kYx",22,"f","asian/asian canadian","5",5,1,1,0,1,0,1,2,1,6,7,3,4,8,5,2,1,4,2,2,440,1,2,5,7,7,7,3,0,7,4,0,3,180,180,0,0,121,180,0,0,47,"see other people",5,5,5,5,5,5,1282,1313,661
41,0.761904761904762,3.11111111111111,2.83333333333333,3.28571428571429,3.2,5.79310344827586,3.46153846153846,3.33333333333333,3.59090909090909,2.5,3.33333333333333,3.33333333333333,4.5,4.2,2.75,2.16666666666667,3.33333333333333,4.125,"R_3NQTZ6vW55Pb2gx",18,"f","Middle Eastern","5",4,1,1,0,1,0,1,6,4,2,1,5,3,7,8,6,2,2,6,3,20,3,3,5,5,5,6,6,1,10,5,0,0,0,30,60,90,10,72,0,0,50,"hobby related",NA,NA,NA,NA,NA,NA,550,597,262
42,0.714285714285714,2.61111111111111,2.16666666666667,3,2.6,4.81481481481481,3.38461538461538,2.66666666666667,3.22727272727273,3.875,3.77777777777778,3,1.875,3.5,3.16666666666667,3.16666666666667,3.16666666666667,5.25,"R_vGoDioRoCnyiZ0Z",19,"m","Middle Eastern","6",3,1,0,0,1,0,0,3,2,4,6,1,5,7,8,3,2,2,4,2,NA,4,5,5,3,10,6,3,0,10,2,0,0,17,40,10,0,120,20,0,0,60,"hobby related",2,4,5,2,6,7,NA,NA,207
43,0.666666666666667,2.77777777777778,2.83333333333333,3,2.4,1.31034482758621,3.38461538461538,3.25,3.25,3.125,4.22222222222222,3,2.375,3.4,4.08333333333333,4.5,3.66666666666667,5.375,"R_b8W7tx1Ju1BT2N3",19,"f","Central Asia","5",1,1,0,0,0,0,0,8,4,5,7,1,2,3,6,7,1,1,7,7,0,7,6,6,6,0,0,0,0,10,0,0,0,0,0,0,0,104,0,0,0,10,"entertainment",4,3,1,3,3,3,123,124,104
44,0.857142857142857,2.16666666666667,1.66666666666667,2,3,5.42857142857143,2.30769230769231,3,3.43181818181818,3,3.66666666666667,2.66666666666667,3.875,3.9,2.91666666666667,2.5,3.33333333333333,4.25,"R_2y16bo2K4WYDSY2",18,"f","south american","4",4,1,1,1,1,0,0,5,2,7,6,1,3,4,8,7,1,1,7,6,5,4,4,6,7,1,3,0,0,10,5,0,0,5,120,0,0,180,150,0,0,50,"procrastinate",1,1,4,1,3,2,733,771,455
45,0.80952380952381,3.05555555555556,3,2.71428571428571,3.6,6.62068965517241,2.69230769230769,3.5,3.65909090909091,2.5,4.33333333333333,3.33333333333333,4.125,3.9,3.66666666666667,4.66666666666667,2.66666666666667,4.75,"R_2uvAwK8uCSjAaVm",18,"f","southeast asian/indian","",3,1,0,0,1,0,0,6,1,4,5,3,2,7,8,7,1,1,6,4,35,1,3,5,6,5,4,4,7,7,2,0,0,15,57,56,27,88,129,0,0,30,"entertainment",1,1,1,1,1,7,306,366,372
46,0.904761904761905,2.83333333333333,2.16666666666667,2.85714285714286,3.6,4.21428571428571,2.69230769230769,2.75,3.54545454545455,2.25,3.44444444444444,3.55555555555556,3.625,4.6,2.66666666666667,2.16666666666667,3.16666666666667,2.125,"R_3snXkeH9FjFggsy",18,"m","white/caucasian","5",5,0,0,0,0,0,0,3,1,8,4,2,5,6,7,6,1,1,7,5,9,5,6,7,7,7,5,0,3,10,0,0,0,30,60,0,2,65,0,0,0,40,"posting",1,1,1,1,3,1,611,618,157
47,0.80952380952381,1.83333333333333,2.16666666666667,1.42857142857143,2,3.62068965517241,2.53846153846154,4.25,3.54545454545455,3,4,2.77777777777778,4.125,3.8,3.58333333333333,4,3.16666666666667,3.5,"R_tXlO5MVFdk7yKVX",18,"f","southeast asian/indian","3",1,1,0,0,0,0,0,4,1,3,6,2,5,7,8,1,1,1,4,5,0,4,4,4,4,4,4,4,0,5,0,0,0,3,45,20,0,45,0,0,0,45,"news",1,3,4,1,4,4,245,296,113
48,0.904761904761905,2.94444444444444,3.33333333333333,2.57142857142857,3,4.60714285714286,2.53846153846154,3.58333333333333,3.43181818181818,3.625,4.22222222222222,3.66666666666667,2.375,3.2,2.75,3.16666666666667,2.33333333333333,3.625,"R_2sTLUlHFqniMpAx",18,"f","southeast asian/indian","3",4,1,0,1,1,0,0,6,4,3,5,1,2,7,8,7,1,1,7,4,0,4,3,5,5,6,6,3,4,10,3,1,0,6,58,49,30,121,155,0,0,82,"procrastinate",2,1,2,2,2,5,611,645,419
49,0.666666666666667,2.66666666666667,2.5,2.57142857142857,3,5.82758620689655,1.69230769230769,4,3.25,3.125,3.88888888888889,2.22222222222222,3,3.9,3,3.66666666666667,2.33333333333333,4.75,"R_2XodUYfqBCq706S",19,"f","asian/asian canadian","6",3,0,0,0,0,0,1,4,1,7,8,2,5,6,3,3,2,4,2,2,11,4,5,6,7,4,5,0,1,4,0,2,2,0,60,0,0,60,0,0,15,60,"hobby related",2,2,2,1,1,5,245,253,135
50,0.761904761904762,3.11111111111111,3.33333333333333,3,3,5.72413793103448,3,3,3,3,3,3,3,3,2.5,2.33333333333333,2.66666666666667,3.375,"R_9nstg49BvW0CcdX",19,"","hispanic/latino","",2,1,1,1,1,1,0,NA,NA,NA,NA,NA,NA,NA,NA,NA,NA,NA,NA,NA,113,1,1,1,1,2,3,3,3,3,3,3,2,0,0,0,0,0,0,0,0,98,"entertainment",6,6,7,7,7,1,428,NA,0
51,0.476190476190476,2.72222222222222,1.83333333333333,2.85714285714286,3.6,6.27586206896552,2,3.16666666666667,2.97727272727273,2.375,3.22222222222222,2.44444444444444,3.5,3.3,2.5,2.16666666666667,2.83333333333333,3,"R_pMhufBhPJCUHB2F",18,"f","southeast asian/indian","6",4,1,0,0,1,0,1,7,2,1,6,3,4,5,8,7,1,1,7,7,0,4,5,5,5,9,4,4,5,10,4,5,0,10,20,60,5,60,120,5,0,80,"procrastinate",1,1,1,1,1,6,428,453,280
52,0.666666666666667,2.83333333333333,2.33333333333333,3.57142857142857,2.4,6.41379310344828,3.38461538461538,2.75,3.40909090909091,3.375,2.77777777777778,3.77777777777778,3,4,2.91666666666667,4.16666666666667,1.66666666666667,6,"R_3HBx4oRm4Jupaa1",18,"f","southeast asian/indian","7",1,1,0,1,1,0,0,2,3,5,6,4,1,7,8,5,1,1,5,2,15,4,5,6,7,6,4,2,0,10,3,0,0,30,44,13,0,30,60,0,0,85,"boredom",3,5,3,1,4,7,184,212,177
53,0.571428571428571,3.61111111111111,3.5,3.57142857142857,3.8,5.27586206896552,2.53846153846154,4,2.95454545454545,3.5,3.22222222222222,3.22222222222222,2.25,2.6,3.5,4,3,6.25,"R_3RaRGt8CejQorRz",18,"m","african canadian/black","",2,1,0,1,1,0,1,5,3,2,8,4,1,7,6,7,7,7,7,3,5,3,5,6,7,9,3,4,0,10,3,0,0,36,62,48,0,35,180,0,0,81,"interact with friends",1,3,2,1,1,7,1343,1358,361
54,0.761904761904762,2.5,2.5,2.42857142857143,2.6,7.13793103448276,3.46153846153846,2.08333333333333,3.31818181818182,2.75,3.77777777777778,3.77777777777778,2.5,3.6,3.33333333333333,4.5,2.16666666666667,6,"R_3MrIE457HNP6ylT",18,"f","african canadian/black","6",1,0,0,0,0,0,1,6,3,7,5,1,2,4,8,7,1,1,7,7,5,7,7,6,6,1,0,0,5,6,0,0,0,0,30,0,0,60,0,0,0,90,"interact with friends",1,3,1,1,1,7,NA,NA,90
55,0.666666666666667,3.5,3.33333333333333,4,3,6.55172413793103,2.84615384615385,3,3.5,3.25,4.33333333333333,3.44444444444444,3,3.4,3.33333333333333,2.66666666666667,4,5,"R_2aLBAMhzkKU1kch",18,"f","southeast asian/indian","6",2,1,0,0,1,0,0,4,1,2,3,6,5,7,8,7,1,1,4,7,0,4,4,5,6,8,6,5,4,8,6,0,0,37,137,132,149,39,118,0,0,89,"boredom",5,2,2,1,4,6,1038,1097,612
57,0.761904761904762,3.5,3.16666666666667,3.85714285714286,3.4,5.21428571428571,2.30769230769231,3.58333333333333,3.25,2.75,3.11111111111111,2.55555555555556,4.625,3.3,2.75,2.83333333333333,2.66666666666667,5.875,"R_2PzCcEaNVdD9Qvx",18,"f","pacific islander","",3,1,0,0,1,0,1,5,1,3,7,4,2,6,8,7,2,1,7,3,52,1,1,2,5,8,7,6,6,10,2,3,0,20,89,45,4,25,90,10,0,80,"entertainment",3,2,1,1,1,7,611,655,283
58,0.619047619047619,2.16666666666667,2,2.28571428571429,2.2,1.79310344827586,3.92307692307692,2,3.13636363636364,2.375,4.11111111111111,4,1.875,3.1,3,4.66666666666667,1.33333333333333,6.125,"R_2dBhhzoBPXBNfg7",18,"m","white/caucasian","4",1,0,0,0,1,0,0,3,4,5,6,2,1,7,8,7,2,1,7,6,0,4,2,2,3,0,0,0,0,5,4,0,0,0,0,0,0,60,60,0,0,30,"entertainment",4,4,4,3,4,3,306,NA,120
59,0.619047619047619,3.22222222222222,3.16666666666667,4,2.2,5.93103448275862,2.92307692307692,2.33333333333333,3.15909090909091,2.5,4,3.88888888888889,3.25,2.2,2.83333333333333,3.5,2.16666666666667,5.875,"R_1JWOTywcHLsuJRm",19,"f","white/caucasian","5",1,0,0,0,1,0,1,6,2,1,5,4,3,7,8,6,1,2,4,6,11,4,6,7,7,4,3,5,4,5,6,0,0,5,75,30,15,20,60,0,0,95,"boredom",3,4,1,2,3,7,550,567,205
60,0.523809523809524,1.88888888888889,1.66666666666667,1.57142857142857,2.6,4.44827586206897,1,5,2.27272727272727,1.5,1.44444444444444,1,4.5,3,3,1,5,1,"R_1rucLlN60hIxIpi",18,"f","asian/asian canadian","2",7,1,0,0,1,0,0,2,8,6,7,3,1,4,5,7,1,1,7,7,15,1,1,1,1,5,0,2,4,5,5,1,3,180,0,42,16,180,180,14,15,50,"boredom",1,1,1,1,1,1,2136,2162,627
61,0.80952380952381,2.83333333333333,3,2.71428571428571,2.8,5.68965517241379,3,2.83333333333333,3.27272727272727,1.875,3.88888888888889,4,3.375,3.1,3.08333333333333,3.66666666666667,2.5,3.875,"R_OoKZi57pAx6N8gF",18,"m","asian/asian canadian","4",3,1,0,0,1,0,1,1,6,7,4,2,3,5,8,4,2,2,4,5,120,4,5,6,7,10,0,0,3,10,2,0,0,62,0,0,0,43,32,0,0,40,"entertainment",3,3,2,2,4,6,245,292,137
62,0.714285714285714,4.16666666666667,3.83333333333333,4.14285714285714,4.6,6.96551724137931,2.07692307692308,4.08333333333333,3.25,3.125,4,2.55555555555556,2.75,3.7,2.58333333333333,1.83333333333333,3.33333333333333,4.875,"R_25WruVqpbKvi6mc",18,"m","asian/asian canadian","6",3,0,0,0,0,0,0,5,2,3,6,1,4,7,8,7,1,1,7,4,37,2,4,5,6,2,2,2,1,10,0,0,0,5,65,49,0,123,0,0,0,97,"procrastinate",1,1,1,1,1,7,489,529,242
63,0.571428571428571,3.11111111111111,2.66666666666667,3,3.8,6.71428571428571,2.15384615384615,4.5,3.38636363636364,2.375,3.77777777777778,2.55555555555556,4,4.1,4,4,4,5.375,"R_yJgIKmz8hNV8a3f",20,"f","Jamaican (Black)/Guyanese(Indian)","",6,0,0,1,0,0,0,3,4,6,1,2,5,7,8,5,1,1,5,1,14,4,4,5,5,8,3,2,5,10,1,2,0,180,58,0,90,0,0,0,0,40,"procrastinate",2,2,2,2,2,7,428,446,328
64,0.571428571428571,2.05555555555556,1,2.85714285714286,2.2,6.48275862068965,3.76923076923077,3.83333333333333,3.95454545454545,4.875,3,3.11111111111111,4.125,4.7,2.75,2,3.5,6.25,"R_d4CuFMNNb3xX0dz",18,"f","white/caucasian","4",3,0,0,1,1,0,0,6,2,3,5,1,4,7,8,7,1,1,7,7,100,4,4,5,5,3,6,6,4,8,5,5,0,6,180,51,49,180,121,18,0,80,"boredom",4,3,2,2,2,6,1587,1622,605
65,0.666666666666667,3.11111111111111,3.66666666666667,2.28571428571429,3.6,3.60714285714286,2.76923076923077,3.66666666666667,3.25,3.25,3.22222222222222,3.11111111111111,3.375,3.3,3.08333333333333,4,2.16666666666667,5.875,"R_2SiwszTKJSAItEu",22,"f","asian/asian canadian","",3,1,1,1,0,0,0,5,2,4,8,1,7,6,3,2,7,7,1,1,120,2,3,5,6,2,7,3,5,10,3,2,6,27,53,43,0,92,3,0,41,71,"interact with friends",3,5,2,4,3,7,245,260,259
66,0.619047619047619,3.22222222222222,3.5,3.28571428571429,2.8,4.72413793103448,3.69230769230769,2.08333333333333,3.68181818181818,3.75,4.66666666666667,4,2.125,3.7,2.75,4.16666666666667,1.33333333333333,6.25,"R_1qgjaPAMYJ2wvPa",18,"m","southeast asian/indian","7",1,1,0,1,1,0,0,5,2,1,7,4,3,6,8,7,1,1,4,5,400,4,3,3,2,5,3,4,0,8,2,0,0,15,60,60,0,30,60,0,0,40,"interact with friends",4,5,3,5,3,6,184,217,225
67,0.714285714285714,2.11111111111111,2.33333333333333,1.85714285714286,2.2,4.72413793103448,3.53846153846154,3.41666666666667,3.90909090909091,3.375,4.88888888888889,4.55555555555556,2.25,4.2,3.16666666666667,3,3.33333333333333,5.5,"R_20O2i6X1Woda8O7",19,"f","african canadian/black","6",2,0,0,0,1,1,1,6,5,4,1,3,2,7,8,7,1,1,7,4,199,4,5,6,7,6,4,3,2,6,2,0,0,10,20,20,30,60,60,0,0,30,"entertainment",2,2,2,2,2,4,611,657,200
68,0.571428571428571,2.44444444444444,2.16666666666667,2.71428571428571,2.4,5.85714285714286,4,3.08333333333333,3.56818181818182,3.875,4.55555555555556,3.22222222222222,2.25,3.8,3.16666666666667,3.66666666666667,2.66666666666667,4.625,"R_3KqlAfhWkhzngG7",18,"f","african canadian/black","7",2,0,0,0,1,0,1,6,1,4,3,2,5,7,8,5,3,2,7,2,NA,5,6,6,7,7,5,5,6,4,3,4,0,15,121,36,154,0,132,10,0,80,"boredom",1,1,1,1,1,5,977,1011,468
69,0.619047619047619,2.94444444444444,2.33333333333333,2.85714285714286,3.8,6.68965517241379,3.15384615384615,2.91666666666667,3.47727272727273,4.125,4.33333333333333,2.55555555555556,2.375,3.9,3.66666666666667,4.83333333333333,2.5,6,"R_Xn513Xt1xOx62B3",19,"f","asian/asian canadian","7",2,1,1,0,1,1,1,4,1,5,6,2,3,7,8,7,7,7,7,7,20,4,4,6,7,8,5,4,0,8,0,0,0,30,120,10,0,120,0,0,0,80,"entertainment",3,4,2,2,3,6,1831,NA,280
70,0.714285714285714,2.27777777777778,2.33333333333333,2.14285714285714,2.4,5.37931034482759,3,4.91666666666667,3.65909090909091,3.5,4.55555555555556,3.11111111111111,3.625,3.5,3.5,2.83333333333333,4.16666666666667,6,"R_2sbFOXeMFEI3eOs",20,"f","arab","3",2,1,0,0,1,0,0,5,1,3,6,2,4,7,8,7,7,7,7,7,3,6,6,7,7,6,3,3,0,5,3,0,0,28,75,48,0,60,88,0,0,100,"entertainment",1,1,1,1,1,4,2258,2304,299
71,0.904761904761905,3.83333333333333,4.16666666666667,3.57142857142857,3.8,7.10344827586207,2.61538461538462,2.66666666666667,3.61363636363636,4.875,4.22222222222222,3.33333333333333,3.25,2.6,3.41666666666667,4.33333333333333,2.5,5.75,"R_3iPwu3ulAk23B1a",21,"f","white/caucasian","7",2,0,0,1,1,1,1,6,1,3,2,5,4,7,8,4,3,3,4,2,NA,4,5,5,6,10,7,6,9,10,6,6,0,12,31,27,43,55,62,0,0,85,"entertainment",4,NA,2,3,2,7,184,228,230
72,0.857142857142857,2.94444444444444,3.33333333333333,2.42857142857143,3.2,5.51724137931035,3.15384615384615,3,3.09090909090909,3.125,3.11111111111111,3.33333333333333,2.75,3.1,3,3,3,4,"R_3HteYcg9Zsl8Lvs",20,"m","asian/asian canadian","5",2,1,0,0,0,0,0,6,2,4,8,1,5,7,3,4,4,4,4,4,193,3,4,4,5,2,2,2,2,2,2,2,3,28,57,9,1,87,5,6,57,60,"relax",4,4,4,4,4,4,794,810,250
73,0.428571428571429,2.11111111111111,2.66666666666667,1.85714285714286,1.8,7.75862068965517,4.46153846153846,1,4.20454545454545,4.75,4.88888888888889,5,1.125,4.9,3.16666666666667,4.66666666666667,1.66666666666667,7,"R_1rAYBxuFoc9jJWZ",19,"f","southeast asian/indian","7",6,1,1,1,1,0,1,7,2,5,4,3,1,6,8,7,1,1,7,7,100,2,2,2,2,4,2,2,1,5,3,2,0,30,30,15,10,60,60,10,0,70,"entertainment",1,1,1,1,3,5,184,NA,215
74,0.619047619047619,2.77777777777778,2.83333333333333,2.42857142857143,3.2,8.17241379310345,2.84615384615385,3.5,3.95454545454545,3.25,4,3.11111111111111,4.875,4.5,2.66666666666667,1.83333333333333,3.5,3.5,"R_1IGK7XRnJaKDdr6",18,"f","white/caucasian","5",6,0,0,0,1,0,1,6,3,2,1,4,5,7,8,6,1,1,7,7,NA,4,4,5,7,3,6,7,5,10,6,5,0,5,60,120,90,60,150,3,0,85,"boredom",1,1,1,1,3,4,NA,NA,488
75,0.761904761904762,3.27777777777778,3.33333333333333,3.14285714285714,3.4,5.44827586206897,2.84615384615385,4.83333333333333,3.25,4.25,3.44444444444444,3.77777777777778,1.625,3.1,3.08333333333333,2.66666666666667,3.5,5.5,"R_1eyD1igviYb1Wwc",19,"f","asian/asian canadian","",5,1,1,0,0,0,1,NA,NA,NA,NA,NA,NA,NA,NA,7,1,1,1,1,98,5,5,5,5,0,0,0,0,3,0,0,6,0,0,0,0,125,0,0,100,50,"interact with friends",1,1,1,1,1,3,855,884,225
76,0.666666666666667,3.55555555555556,3,3.57142857142857,4.2,3.46428571428571,2.76923076923077,2.58333333333333,3.43181818181818,4,3.44444444444444,3.33333333333333,2.875,3.5,3,3,3,5.5,"R_3kGjWgsXUttCafu",19,"m","Middle Eastern","9",2,0,0,1,1,0,0,5,1,4,7,3,2,6,8,7,1,1,4,6,38,4,5,5,7,7,3,0,0,10,2,0,0,0,121,0,0,50,84,0,0,100,"interact with friends",3,5,4,4,6,7,916,933,255
77,0.857142857142857,2.22222222222222,1.83333333333333,2.14285714285714,2.8,5.28571428571429,3,3.66666666666667,3.34090909090909,3.625,3.11111111111111,2.44444444444444,3.75,3.8,4.08333333333333,3.66666666666667,4.5,4.5,"R_2ccEXc6UxKar7GP",18,"f","middle eastern","6",3,1,0,1,0,0,0,5,3,2,6,1,4,7,8,6,2,2,4,5,325,3,4,5,5,0,1,2,0,7,0,0,0,5,66,72,0,94,0,0,0,20,"interact with friends",2,2,2,2,1,1,733,748,237
78,0.428571428571429,2.22222222222222,1.66666666666667,2.71428571428571,2.2,5.20689655172414,2.46153846153846,3.41666666666667,3.68181818181818,3.375,4.22222222222222,2.88888888888889,3.75,4.1,3.83333333333333,4.5,3.16666666666667,5.875,"R_Tikm7YyNd81WFMt",18,"f","asian/asian canadian","6",2,1,0,0,1,0,1,1,3,2,7,4,5,6,8,6,4,3,7,4,20,4,4,5,5,8,4,3,0,8,1,0,0,60,30,30,0,60,30,0,0,100,"procrastinate",4,3,2,1,3,7,2197,2210,210
79,0.761904761904762,3.11111111111111,3.33333333333333,2.85714285714286,3.2,6.13793103448276,3.07692307692308,2.91666666666667,3.27272727272727,2.75,3.88888888888889,3.55555555555556,2.625,3.4,3.33333333333333,3.66666666666667,3,6.625,"R_3O8gP174QOVrqAa",20,"m","asian/asian canadian","7",1,1,0,1,0,0,1,5,4,6,7,2,8,3,1,6,1,4,6,7,14,1,2,1,1,1,1,0,0,8,0,1,3,0,10,0,0,60,0,0,30,100,"entertainment",4,3,2,4,1,7,NA,NA,100
80,0.428571428571429,3.05555555555556,3.5,2.14285714285714,3.8,7.41379310344828,4,3,3.29545454545455,3.625,4.22222222222222,4.11111111111111,2.125,2.4,2.75,3.66666666666667,1.83333333333333,5.75,"R_3Eut0DiGN4SddEe",21,"m","southeast asian/indian","7",2,1,1,1,1,0,0,5,3,4,2,6,1,7,8,4,3,2,5,6,20,4,5,6,6,10,7,7,8,10,6,6,0,60,60,75,112,20,100,20,0,90,"interact with friends",4,4,2,2,4,7,1099,1113,447
81,0.571428571428571,3.11111111111111,3,2.85714285714286,3.6,5.41379310344828,2.84615384615385,3,2.95454545454545,3,3.11111111111111,2.66666666666667,3.375,2.7,3.16666666666667,3.5,2.83333333333333,3.75,"R_27dlfVvs09BLIps",18,"m","asian/asian canadian","",2,0,1,0,0,0,0,8,3,7,5,1,4,2,6,5,2,2,7,6,459,1,1,1,1,1,0,0,0,9,0,4,0,9,0,0,0,148,0,26,0,64,"hobby related",3,5,5,1,4,4,184,206,183
82,0.619047619047619,1.66666666666667,1.16666666666667,2.57142857142857,1,5.89655172413793,1.84615384615385,4.08333333333333,3.45454545454545,3.875,3.66666666666667,1.77777777777778,4.5,3.6,3.08333333333333,2.66666666666667,3.5,2.25,"R_SAySYZg4JWlAEHD",18,"f","Middle Eastern","6",4,1,0,0,0,0,0,6,2,5,3,1,7,4,8,7,1,1,7,7,NA,4,4,5,6,4,5,1,1,8,0,0,0,0,180,0,20,180,0,0,0,90,"interact with friends",2,2,1,1,1,6,NA,NA,380
83,0.619047619047619,3.16666666666667,3.33333333333333,3.14285714285714,3,7,2.61538461538462,2.58333333333333,3.09090909090909,2.625,3.55555555555556,3.44444444444444,3.5,2.4,3,3,3,4,"R_2uPBsdTv27RIDeL",18,"m","asian/asian canadian","",2,1,1,0,0,0,0,3,1,2,6,4,5,8,7,6,2,3,4,3,0,4,5,6,6,8,6,1,0,9,3,0,0,123,127,91,0,30,64,0,0,100,"see other people",3,4,3,2,2,6,1465,1472,435
84,0.714285714285714,3.55555555555556,3,3.71428571428571,4,5.06896551724138,2.61538461538462,3,3.11363636363636,2.5,4.11111111111111,2.88888888888889,2.25,3.6,2.91666666666667,3.66666666666667,2.16666666666667,2.75,"R_1JEqvQsxKnIJ6y8",18,"f","asian/asian canadian","5",3,1,0,0,1,0,0,6,4,5,8,2,3,7,1,7,1,7,1,4,0,4,3,5,6,6,2,0,0,6,1,5,10,10,30,10,0,60,90,0,117,80,"hobby related",3,5,2,3,2,5,184,213,317
85,0.714285714285714,3,2.5,3,3.6,5.53571428571429,2.92307692307692,3,2.72727272727273,3,3.11111111111111,2.22222222222222,2.625,2.7,2.83333333333333,3.33333333333333,2.33333333333333,4,"R_RJQe5kxuWPzRVo5",19,"m","southeast asian/indian","6",2,0,0,1,1,0,1,1,5,4,6,3,2,8,7,7,3,NA,2,4,794,4,2,5,4,9,6,7,1,8,9,0,0,99,56,66,21,103,179,0,0,79,"interact with friends",3,4,5,4,3,2,428,453,524
86,0.761904761904762,1.5,1.5,1.28571428571429,1.8,2.75862068965517,2.84615384615385,3.25,3.81818181818182,3.5,3.77777777777778,4.11111111111111,2.75,4.7,2.66666666666667,3.5,1.83333333333333,5.375,"R_3Q7x7fV5BI0JTvH",18,"f","hispanic/latino","4",2,0,1,0,0,0,0,2,3,5,6,1,4,7,8,7,1,1,6,5,0,7,7,7,7,9,4,1,0,10,2,0,0,18,0,0,0,90,60,0,0,50,"news",1,1,1,1,1,2,1221,1238,168
87,0.714285714285714,2.5,1.5,3.28571428571429,2.6,3.82758620689655,3.53846153846154,2.75,3.63636363636364,3.75,5,3.77777777777778,2.625,3,3.25,2.16666666666667,4.33333333333333,4.875,"R_1qgiQdhJwC4MP1o",18,"f","african canadian/black","6",5,1,0,0,1,0,0,6,3,2,4,5,1,7,8,7,1,1,7,7,NA,4,4,5,7,10,7,4,1,10,2,0,0,0,60,60,30,10,120,0,0,80,"entertainment",1,1,1,1,1,5,367,387,280
88,0.571428571428571,2.55555555555556,1.83333333333333,3,2.8,3.31034482758621,2.92307692307692,4.16666666666667,2.90909090909091,2.375,2.44444444444444,2.77777777777778,2.875,3.9,3.16666666666667,2.83333333333333,3.5,3.75,"R_1PcTAr5IqU88zM0",19,"f","white/caucasian","",6,0,0,1,1,0,1,6,4,2,5,3,1,7,8,7,2,2,6,6,207,4,4,5,6,7,5,4,1,8,5,2,0,0,0,10,0,15,120,0,0,100,"procrastinate",4,3,1,1,3,5,NA,NA,145
89,0.761904761904762,1.94444444444444,2,2.14285714285714,1.6,5.37931034482759,2.38461538461538,3.91666666666667,3.09090909090909,2,2.77777777777778,1.88888888888889,3.625,4.9,3.91666666666667,4,3.83333333333333,5.375,"R_ePyPsEmKNl5eqHf",18,"f","Middle Eastern","7",2,1,1,0,0,0,0,7,1,3,6,2,4,5,8,7,1,1,7,7,202,4,4,5,7,0,6,6,0,10,3,1,0,0,180,5,0,3,0,0,0,100,"interact with friends",3,3,2,2,4,7,NA,NA,188
90,0.476190476190476,3.33333333333333,3.66666666666667,3.57142857142857,2.6,5.58620689655172,2,4.41666666666667,3.45454545454545,4.25,4.11111111111111,3.44444444444444,3.5,2.2,3.41666666666667,3.83333333333333,3,5.375,"R_1dEo3OTXGnmPlcr",23,"f","southeast asian/indian","6",2,1,0,1,1,0,0,7,1,4,8,5,2,6,3,6,2,7,7,5,399,3,5,6,1,10,6,6,9,10,3,6,0,32,126,35,0,60,180,35,0,60,"see other people",1,2,1,1,1,5,794,NA,468
91,0.761904761904762,2.11111111111111,1.33333333333333,3.14285714285714,1.6,5.24137931034483,3.23076923076923,3,3.70454545454545,3.75,3.88888888888889,3.88888888888889,4.25,2.9,3.16666666666667,3,3.33333333333333,5.375,"R_1kS3hWHlXEbpIZ4",18,"f","asian/asian canadian","8",5,1,0,0,1,0,0,7,1,2,6,3,4,5,8,1,1,1,6,7,51,4,5,6,7,0,5,5,0,7,4,0,0,0,61,50,0,40,89,0,0,75,"relax",3,4,6,2,6,6,1038,1049,240
92,0.571428571428571,2.94444444444444,2.5,3.71428571428571,2.4,4.92857142857143,2.69230769230769,3.08333333333333,3.70454545454545,2.75,4.55555555555556,3.44444444444444,3.75,3.9,3.25,3.33333333333333,3.16666666666667,5.25,"R_qUDlvW4GK1i1pTP",18,"f","south asian/canadian","",3,1,0,0,1,0,0,5,1,3,7,4,2,6,8,7,1,1,7,3,2,4,5,5,5,4,5,5,0,10,0,0,0,23,59,46,0,21,0,0,0,95,"interact with friends",1,1,1,1,1,6,367,NA,149
93,0.571428571428571,4,4.33333333333333,4,3.6,7.13793103448276,2.69230769230769,3.58333333333333,3.27272727272727,2.25,3.88888888888889,3.77777777777778,3.75,2.7,3.33333333333333,3.83333333333333,2.83333333333333,5.5,"R_QmqEbWb3Zji5De9",18,"f","white/caucasian","7",2,0,0,0,1,0,1,6,2,1,5,4,3,7,8,6,2,1,7,6,101,5,6,7,7,0,8,7,0,10,5,0,0,0,150,125,0,0,62,0,0,70,"see other people",2,2,2,2,2,5,306,316,337
94,0.80952380952381,3.5,2.83333333333333,3.71428571428571,4,5.07142857142857,2.61538461538462,4,3.36363636363636,3.5,4.22222222222222,2.66666666666667,2.375,3.9,3,3.83333333333333,2.16666666666667,5.75,"R_2SphmEmdPd3zrMo",18,"f","southeast asian/indian","6",2,1,0,1,1,0,0,5,1,4,7,3,2,6,8,7,1,1,7,6,1000,1,1,7,7,1,7,5,1,10,5,0,0,7,90,10,0,40,180,0,0,40,"relax",3,3,1,1,1,4,184,204,327
95,0.761904761904762,3.38888888888889,3.5,3.14285714285714,3.6,5.96551724137931,2.84615384615385,2.91666666666667,3.20454545454545,3.5,3.22222222222222,3,3.25,3.1,2.83333333333333,2.16666666666667,3.5,3.625,"R_1OOcaKHVpRC104h",18,"f","southeast asian/indian","5",3,1,0,0,1,0,0,5,2,1,6,4,3,7,8,6,2,2,3,2,164,3,5,5,5,2,5,5,0,9,3,0,0,8,88,74,0,54,84,0,0,31,"interact with friends",4,3,4,3,3,5,62,121,308
96,0.619047619047619,3.11111111111111,3.33333333333333,2.71428571428571,3.4,5.10344827586207,2.23076923076923,4.25,3.02272727272727,3,3.11111111111111,3.11111111111111,2.875,3,3,3.66666666666667,2.33333333333333,6.875,"R_RIYgmKL4IMNYR1v",18,"f","asian/asian canadian","",1,1,1,1,1,0,0,2,7,6,5,1,8,4,3,6,6,6,6,6,600,4,4,4,3,8,7,7,7,8,9,3,4,104,79,118,123,136,137,134,26,73,"entertainment",7,7,7,7,7,6,1038,1057,857
97,0.619047619047619,4.33333333333333,4.33333333333333,4.28571428571429,4.4,8.31034482758621,2.69230769230769,4.91666666666667,2.88636363636364,2.125,3.11111111111111,2.22222222222222,4.25,2.8,3.33333333333333,2.16666666666667,4.5,2.125,"R_2xFNajxSmlNfxmF",18,"f","middle eastern","5",6,1,0,1,1,0,1,8,1,4,5,3,2,6,7,7,1,1,7,7,201,3,4,5,6,2,6,6,2,10,4,5,1,20,130,60,20,130,135,20,15,70,"procrastinate",3,3,3,3,4,7,NA,NA,530
98,0.666666666666667,3.27777777777778,3,3.28571428571429,3.6,5.93103448275862,2.61538461538462,3.83333333333333,2.93181818181818,2.75,3.44444444444444,1.88888888888889,3.375,3.2,3.08333333333333,4,2.16666666666667,5.875,"R_3luDggUoTQ3V65E",21,"","asian/asian canadian","5",2,1,1,1,1,1,1,5,1,3,6,2,4,7,8,7,1,1,4,4,2,4,4,4,4,10,7,5,0,10,5,0,0,15,90,58,0,59,58,0,0,81,"interact with friends",4,5,6,NA,3,1,550,569,280
99,1,3.38888888888889,3.33333333333333,3.71428571428571,3,8.55172413793103,2.69230769230769,2.83333333333333,3.15909090909091,3,3.22222222222222,3.11111111111111,3.25,3.2,3,3,3,5.875,"R_DiufNs5XmteiMZH",18,"f","asian/asian canadian","",2,0,1,1,0,0,0,5,3,4,7,1,8,6,2,7,1,1,7,7,18,1,1,6,7,0,0,0,0,1,0,0,1,0,0,0,0,81,0,0,77,68,"relax",7,4,4,4,4,5,611,619,158
100,0.571428571428571,2.94444444444444,3,3,2.8,5.41379310344828,3,2.91666666666667,2.93181818181818,3,2.88888888888889,2.88888888888889,3,2.9,3,2.66666666666667,3.33333333333333,3.875,"R_2XaIf0qzBuDRTZ7",18,"m","asian/asian canadian","4",2,0,0,1,0,0,1,6,3,7,5,1,8,4,2,7,1,1,7,4,301,4,4,4,4,1,1,0,1,5,0,3,8,7,7,0,8,98,0,54,137,55,"relax",4,4,4,4,4,4,550,597,311
101,0.857142857142857,3.27777777777778,3.33333333333333,3.42857142857143,3,5.48275862068965,1.84615384615385,4.25,2.68181818181818,2.25,3.55555555555556,1.88888888888889,2.75,2.9,3,3,3,3.75,"R_2QQFwOBnly4XEzk",18,"m","East African/ Middle Eastern","4",5,1,0,1,1,0,0,5,4,2,6,1,3,7,8,7,2,1,6,7,11,4,5,6,7,6,4,5,0,10,2,0,0,2,36,47,0,57,58,0,0,80,"interact with friends",2,2,2,1,1,6,916,921,200
102,0.523809523809524,1.44444444444444,1.66666666666667,1.42857142857143,1.2,2.51724137931034,3.15384615384615,2.91666666666667,3.70454545454545,4.125,3.77777777777778,4.11111111111111,3,3.5,3.5,5,2,7,"R_1dtVL3FN4VhOUma",18,"f","white/caucasian","5",1,0,0,0,1,0,0,4,1,3,5,6,2,7,8,4,3,3,4,4,20,4,4,4,4,8,5,4,8,8,5,0,0,11,60,20,2,30,60,0,0,100,"procrastinate",2,4,5,2,5,4,NA,NA,183
103,0.666666666666667,3,3,3,3,5.86206896551724,3.15384615384615,3.08333333333333,2.97727272727273,2.75,2.88888888888889,3,3.375,2.9,3,3,3,4,"R_1r2DkYu4UFBoC25",18,"m","asian/asian canadian","6",5,1,0,1,1,0,0,7,3,8,4,1,2,5,6,7,1,1,7,7,NA,2,2,1,3,3,5,4,5,5,6,2,6,57,47,65,70,180,180,34,8,49,"boredom",4,3,2,4,4,4,733,746,641
104,0.761904761904762,3.27777777777778,3,3,4,6.24137931034483,2.46153846153846,3.16666666666667,3.5,2.875,3.44444444444444,3.11111111111111,4.25,3.8,3.75,3.83333333333333,3.66666666666667,5.125,"R_3plQY1jHYqkbhA2",18,"f","southeast asian/indian","",4,1,0,0,0,0,0,4,1,2,5,3,6,7,8,7,1,1,6,3,0,4,4,5,6,0,8,7,0,10,0,0,0,0,90,60,0,30,0,0,0,60,"boredom",1,3,1,1,1,3,306,360,180
105,0.619047619047619,3,3.33333333333333,2.71428571428571,3,7.24137931034483,3.61538461538462,2.58333333333333,3.13636363636364,2.875,3,3.66666666666667,3.25,2.9,3.33333333333333,4.16666666666667,2.5,6.875,"R_2Vw3Xp1QLGomcCE",18,"","southeast asian/indian","",1,1,0,0,0,0,0,6,1,3,5,2,4,7,8,7,2,1,7,5,21,4,4,6,7,1,7,7,4,9,0,0,0,10,26,25,0,58,0,0,0,39,"entertainment",2,2,2,2,5,4,62,73,119
106,0.714285714285714,3.22222222222222,3.33333333333333,4,2,5.06896551724138,2.23076923076923,2.66666666666667,3.52272727272727,3.25,3.11111111111111,3.44444444444444,4.5,3.4,3.25,1.5,5,5.125,"R_2f9vRS2a0P418I2",18,"f","white/caucasian","5",6,1,1,0,1,0,1,5,2,3,6,4,1,7,8,7,1,1,7,7,400,4,4,5,6,5,2,4,1,7,1,0,0,30,60,120,0,15,120,0,0,60,"boredom",4,2,2,2,2,6,489,491,345
107,0.761904761904762,2.66666666666667,2.5,2.42857142857143,3.2,4.24137931034483,3.61538461538462,2.66666666666667,3.40909090909091,3.5,4,4.11111111111111,1.875,3.4,2.83333333333333,2.66666666666667,3,4.75,"R_2YVU8wM5lam9czL",20,"f","","6",2,0,0,0,1,0,0,3,2,1,6,4,5,7,8,6,1,1,4,3,25,4,5,5,6,5,4,3,0,7,1,0,0,15,30,30,0,40,90,0,0,60,"boredom",3,3,2,2,3,4,1221,1276,205
108,0.666666666666667,3.05555555555556,2.33333333333333,2.71428571428571,4.4,3.44827586206897,2,4.41666666666667,2.97727272727273,2.125,4.22222222222222,2.88888888888889,2.75,2.8,2.33333333333333,1.83333333333333,2.83333333333333,3.125,"R_3IRDgo6hHwvRUvj",18,"m","asian/asian canadian","4",6,1,0,0,0,0,0,3,2,5,4,1,6,7,8,3,2,3,4,6,100,4,4,5,5,8,6,0,0,10,0,0,0,20,70,0,0,60,0,0,0,32,"procrastinate",1,1,5,1,2,6,611,660,150
109,0.714285714285714,3.22222222222222,3.5,2.85714285714286,3.4,7.82758620689655,2.76923076923077,3.83333333333333,3.27272727272727,3.375,3.11111111111111,3.33333333333333,2.75,3.7,3.41666666666667,3.83333333333333,3,5.25,"R_5uyHsnbSHVYWfiV",18,"m","white/caucasian","7",4,0,0,0,1,0,0,5,1,3,8,2,4,6,7,7,2,1,4,3,52,6,6,6,6,7,5,4,0,10,4,0,0,7,94,0,0,48,0,0,0,91,"boredom",3,3,2,3,3,6,306,338,149
110,0.714285714285714,2.66666666666667,2.33333333333333,2.28571428571429,3.6,7.13793103448276,2.61538461538462,3.41666666666667,2.90909090909091,2,2.88888888888889,2.55555555555556,3.75,3.3,3.58333333333333,3.16666666666667,4,4.25,"R_2R7BEUSpC4M0Etx",18,"f","asian/asian canadian","5",5,1,0,0,1,0,1,6,1,2,8,3,5,7,4,4,1,4,7,3,NA,4,4,4,4,5,5,5,0,5,1,0,5,0,70,30,0,39,0,0,23,99,"entertainment",3,3,3,1,4,6,2197,2256,162
111,0.476190476190476,3.83333333333333,3.66666666666667,3.85714285714286,4,5.89285714285714,3.53846153846154,3.25,3.38636363636364,3.375,3.66666666666667,3.33333333333333,3.25,3.3,3.08333333333333,4,2.16666666666667,6.375,"R_cZnZy3zVmrHTfDr",18,"f","asian/asian canadian","7",2,1,0,0,1,0,1,4,2,5,7,1,3,8,6,6,2,2,6,3,NA,4,4,5,6,7,5,4,1,10,5,0,3,30,148,25,0,180,58,0,11,99,"interact with friends",4,2,1,1,2,6,2441,2495,452
112,0.857142857142857,2.33333333333333,3,2,2,3.82758620689655,4.07692307692308,1.16666666666667,3.29545454545455,3.625,3.44444444444444,3.55555555555556,2.25,3.5,3.16666666666667,4.16666666666667,2.16666666666667,5.875,"R_cYfOtVBv4iQumad",18,"m","asian/asian canadian","7",3,1,1,1,0,1,1,3,5,8,2,4,6,7,1,7,1,1,7,7,137,4,4,4,5,1,1,0,1,1,0,0,6,0,0,0,0,92,0,0,180,60,"interact with friends",4,5,3,1,3,7,611,628,272
113,0.666666666666667,3.05555555555556,2.33333333333333,2.85714285714286,4.2,4.62068965517241,3.69230769230769,3.16666666666667,3.79545454545455,3.375,4,4.22222222222222,2.75,4.4,3.66666666666667,3.5,3.83333333333333,6.125,"R_0xl6jsQZvfe540V",18,"f","southeast asian/indian","7",2,1,0,0,0,0,0,3,4,7,1,2,5,6,8,6,2,2,6,4,0,3,3,3,4,0,0,0,1,2,0,0,0,30,0,0,120,60,0,0,0,NA,"relax",3,2,4,1,2,6,1,2,210
114,0.666666666666667,2.5,2.16666666666667,2.85714285714286,2.4,6.07142857142857,2.53846153846154,3.41666666666667,3.47727272727273,2.75,3.55555555555556,3.22222222222222,4,3.8,3.16666666666667,3,3.33333333333333,4.5,"R_3JwoB57VZhpNtDZ",19,"f","southeast asian/indian","7",3,1,0,0,1,1,1,5,4,1,8,2,3,6,7,7,1,1,7,7,0,4,4,3,3,10,4,4,0,10,4,0,0,5,5,60,0,130,40,0,0,100,"boredom",4,3,1,1,4,7,794,828,240
115,0.714285714285714,3.44444444444444,4,3.28571428571429,3,5.82758620689655,2.92307692307692,3.33333333333333,3.09090909090909,2.75,2.77777777777778,3.22222222222222,3.375,3.3,3.25,3.5,3,3.125,"R_1C4o1nZxUqDG6fk",20,"m","southeast asian/indian","7",3,1,1,1,1,0,0,5,3,6,4,1,2,7,8,1,7,7,1,1,100,4,4,4,4,10,5,5,10,10,8,0,0,0,10,0,0,180,180,0,0,30,"boredom",4,4,2,2,4,4,184,195,370
116,0.761904761904762,2.5,2.33333333333333,2.57142857142857,2.6,5.10344827586207,2.76923076923077,3,2.72727272727273,2.75,3,3.22222222222222,2,2.6,3,2.5,3.5,3.5,"R_1H7gnFBx3O6skY0",17,"f","middle eastern","",4,0,0,1,1,0,0,6,1,3,5,4,2,7,8,7,2,2,7,7,2,4,5,5,6,1,4,3,1,8,2,0,0,5,29,10,7,28,93,0,0,53,"interact with friends",6,2,1,1,3,3,245,250,172
117,0.666666666666667,2.72222222222222,2.66666666666667,2.14285714285714,3.6,5.71428571428571,2.92307692307692,2.5,3.43181818181818,3.75,4.22222222222222,3.22222222222222,2,3.8,3.25,4.5,2,6,"R_XgNy7qsukyeoAkp",18,"m","asian/asian canadian","7",2,1,0,0,0,0,0,1,3,5,7,2,4,6,8,4,2,1,6,4,0,4,4,4,4,7,1,0,0,10,1,0,0,180,128,0,0,180,30,0,0,50,"interact with friends",4,3,3,3,3,6,977,1003,518
118,0.523809523809524,2.88888888888889,2.5,3.57142857142857,2.4,5.24137931034483,3.61538461538462,3.16666666666667,3.25,3.5,3,3.66666666666667,3.25,2.9,3.75,4.66666666666667,2.83333333333333,6.125,"R_2pVNmIj2kJLq51i",20,"f","White/African Canadian","3",1,0,0,0,1,0,0,6,2,3,5,4,1,7,8,7,1,1,6,5,NA,4,5,6,7,0,5,5,6,7,6,2,0,60,60,40,15,60,120,0,0,80,"boredom",2,2,1,1,2,7,NA,NA,355
119,0.619047619047619,2.16666666666667,2.66666666666667,2.14285714285714,1.6,4.53571428571429,3.15384615384615,3.75,2.95454545454545,3.375,4.44444444444444,2.66666666666667,1.25,2.9,3,4.33333333333333,1.66666666666667,4.875,"R_3JfRf4KW7ZOBSLv",18,"m","white/caucasian","6",2,1,1,1,1,0,0,7,4,3,5,1,2,6,8,4,2,2,7,7,0,4,4,5,5,1,3,4,1,10,7,0,0,0,16,60,0,180,123,0,0,30,"hobby related",3,3,4,3,6,7,184,203,379
120,0.619047619047619,2.38888888888889,1.16666666666667,2.57142857142857,3.6,3.03448275862069,3.76923076923077,1.91666666666667,3.68181818181818,2.875,4.55555555555556,4.33333333333333,2.875,3.6,4,3.83333333333333,4.16666666666667,6.125,"R_8cEqINRTQHgMZAl",46,"f","african canadian/black","7",3,0,0,1,0,0,0,1,3,5,6,2,7,4,8,6,2,2,6,3,NA,3,3,2,1,7,0,0,0,6,0,0,0,45,0,0,0,55,0,0,0,NA,"relax",4,6,4,3,2,6,733,NA,100
121,0.714285714285714,3.83333333333333,3.5,3.42857142857143,4.8,6.37931034482759,3,3,3.97727272727273,3.25,3.55555555555556,3.66666666666667,5,4.4,3.75,3,4.5,4.875,"R_Xh3KNPooygItSdb",18,"f","Mixed, born in the Caribbean ","7",5,1,0,1,1,0,1,7,2,3,5,1,4,6,8,7,1,1,4,3,150,4,5,6,7,5,6,5,1,4,3,5,0,3,60,90,20,70,50,5,0,60,"interact with friends",2,1,1,1,1,7,672,722,298
122,0.80952380952381,2,1.66666666666667,1.28571428571429,3.4,4.57142857142857,3.84615384615385,2.41666666666667,3.31818181818182,2.125,4.11111111111111,3.11111111111111,3.375,3.7,3,4,2,6.25,"R_1j8siOxCN97vrfK",20,"m","southeast asian/indian","7",2,1,0,1,0,0,0,2,5,7,3,1,4,6,8,7,1,1,7,4,2,4,5,5,6,8,1,0,6,7,0,1,0,60,0,0,30,180,0,0,0,10,"interact with friends",5,3,1,1,6,7,NA,NA,270
123,0.761904761904762,3.38888888888889,3.5,3.57142857142857,3,6.82758620689655,2.84615384615385,3.58333333333333,3.11363636363636,3.125,3.33333333333333,2.88888888888889,3.125,3.1,2.58333333333333,3.33333333333333,1.83333333333333,4.625,"R_1r2mSlboK7pj92f",18,"m","asian/asian canadian","",3,1,1,1,0,0,1,5,8,3,6,2,4,7,1,1,7,7,1,4,488,4,3,2,1,1,0,0,1,7,3,0,0,12,0,0,31,61,20,0,113,72,"interact with friends",7,1,1,4,4,7,977,1037,237
124,0.666666666666667,2.27777777777778,2,2.28571428571429,2.6,4.89655172413793,3.61538461538462,2.75,3.88636363636364,4,4.88888888888889,4.33333333333333,2.375,3.7,2.16666666666667,2.33333333333333,2,5.5,"R_1QuwEQUnAaZYUwB",18,"f","asian/asian canadian","",4,1,0,1,1,0,0,NA,NA,NA,NA,NA,NA,NA,NA,7,1,1,6,6,20,3,3,2,2,6,4,4,0,7,2,0,0,18,30,21,0,60,21,0,0,40,"interact with friends",1,1,1,1,1,4,367,397,150
125,0.571428571428571,3.44444444444444,3.83333333333333,3.28571428571429,3.2,1.96551724137931,2.61538461538462,3.75,2.79545454545455,2,3.66666666666667,2.77777777777778,3.25,2.3,3,2.83333333333333,3.16666666666667,4.125,"R_26o3GZ0KBJxIgZr",20,"m","asian/asian canadian","7",5,1,0,1,0,0,1,3,7,2,4,1,6,5,8,6,2,1,7,3,11,4,5,6,7,9,3,3,5,10,0,0,0,5,0,10,2,90,0,0,0,50,"hobby related",4,5,1,1,2,7,NA,NA,107
126,0.619047619047619,3.66666666666667,3.66666666666667,3.57142857142857,3.8,5.13793103448276,2.69230769230769,3.91666666666667,3.54545454545455,3.375,3.55555555555556,3.88888888888889,3.5,3.4,3,3.16666666666667,2.83333333333333,5.5,"R_1dNys1PKb8APtUC",22,"f","african canadian/black","6",2,0,0,0,1,0,1,5,1,2,7,4,3,6,8,6,2,2,7,4,0,4,5,5,5,9,7,3,0,10,3,6,0,30,120,30,0,60,60,0,0,24,"boredom",1,1,1,1,2,6,611,631,300
127,0.380952380952381,2.77777777777778,2.66666666666667,2.57142857142857,3.2,5.44827586206897,2.46153846153846,3.66666666666667,3.02272727272727,2.25,3.55555555555556,2.11111111111111,4.125,3.1,2.5,2.33333333333333,2.66666666666667,4.625,"R_1GNPW2F8hFGMYli",18,"f","asian/asian canadian","",6,0,0,0,0,0,0,6,3,8,4,2,5,7,1,6,1,1,6,6,NA,4,4,5,5,0,1,0,0,1,0,0,5,0,0,0,0,0,0,0,30,80,"entertainment",3,3,2,1,1,5,611,651,30
128,0.619047619047619,2.55555555555556,1.33333333333333,2.71428571428571,3.8,5.68965517241379,1.92307692307692,4.75,3.40909090909091,4,3.77777777777778,1.77777777777778,3.625,3.9,2.75,2.33333333333333,3.16666666666667,4.875,"R_31NJckJ1nNUXMXq",21,"f","asian/asian canadian","7",6,1,0,0,1,0,1,4,7,5,1,3,2,6,8,7,1,1,6,4,NA,5,6,6,6,10,5,4,8,10,3,7,0,60,0,120,98,14,0,0,0,90,"entertainment",1,1,1,1,2,7,1099,1146,292
129,0.476190476190476,3.05555555555556,3.33333333333333,3,2.8,7.55172413793103,2.76923076923077,3.91666666666667,3.06818181818182,2.75,3.44444444444444,2.77777777777778,3.125,3.2,3.58333333333333,4,3.16666666666667,5.25,"R_1OuICwwr4SrggZf",18,"f","asian/asian canadian","6",2,1,1,0,0,0,0,NA,NA,NA,NA,NA,NA,NA,NA,4,4,4,4,4,NA,4,4,4,3,8,4,4,0,10,0,0,0,180,121,29,0,180,0,0,0,81,"interact with friends",3,3,3,2,3,4,245,296,510
130,0.761904761904762,3.05555555555556,3.16666666666667,3.42857142857143,2.4,3.27586206896552,3.07692307692308,3.16666666666667,3.52272727272727,2.625,4.77777777777778,3.44444444444444,3.25,3.4,3.5,4.33333333333333,2.66666666666667,5.5,"R_3qgTTJwDUCSEJgS",18,"f","South Asian","6",2,0,0,0,1,0,0,4,3,6,5,1,2,7,8,5,3,2,5,4,11,4,5,6,7,0,0,0,0,5,1,0,0,0,0,0,0,80,0,0,0,10,"relax",2,2,1,2,2,5,123,154,80
131,0.571428571428571,3.38888888888889,3.83333333333333,2.71428571428571,3.8,4.24137931034483,2.69230769230769,3.63636363636364,3.29545454545455,3.125,3.77777777777778,3,3.5,3.1,2.91666666666667,2.5,3.33333333333333,3.75,"R_3HIdjTt4EpUqD3M",19,"f","asian/asian canadian","2",4,0,0,1,1,0,1,8,4,7,5,1,3,6,2,6,6,3,5,5,0,2,2,2,2,1,7,1,1,10,10,1,10,0,5,0,0,60,38,0,25,39,"entertainment",3,2,2,2,2,5,1221,1236,128
132,0.761904761904762,2.66666666666667,2.33333333333333,3.28571428571429,2.2,4.58620689655172,2.69230769230769,2.16666666666667,2.93181818181818,2,3.33333333333333,3,3,3.2,2.5,2.16666666666667,2.83333333333333,3.5,"R_3iR1JVTMMU9yDey",17,"f","southeast asian/indian","",4,0,0,0,1,0,1,6,2,1,3,5,4,7,8,7,7,7,7,7,6,5,NA,NA,NA,10,6,5,6,8,3,7,0,64,136,180,34,70,121,83,120,48,"boredom",2,3,2,5,4,5,245,248,808
133,0.80952380952381,2.5,2.33333333333333,2.28571428571429,3,6.75,2.23076923076923,3.41666666666667,3.43181818181818,4,3.33333333333333,2.33333333333333,4,3.6,3.5,4,3,3.875,"R_2w5388DlQRrEMQr",22,"m","Middle Eastern","",3,0,0,1,0,0,1,1,5,6,7,2,3,4,8,6,1,1,4,5,120,5,5,6,7,7,4,0,0,8,1,1,0,60,0,0,0,70,39,0,0,20,"interact with friends",1,3,1,1,1,1,NA,NA,169
134,0.761904761904762,2.94444444444444,3.5,2.14285714285714,3.4,5.48275862068965,2.69230769230769,3,3.04545454545455,3.25,3,3,3,3,2.91666666666667,3.33333333333333,2.5,4.375,"R_2pLyioVoqpiYQK6",19,"f","asian/asian canadian","5",3,0,0,0,0,0,0,8,2,7,4,3,5,6,1,4,3,3,7,2,NA,4,4,7,7,1,6,0,1,2,0,0,10,0,18,0,0,0,0,0,56,92,"interact with friends",1,1,1,1,1,1,NA,NA,74
135,0.761904761904762,3.94444444444444,4.33333333333333,3.85714285714286,3.6,7.48275862068965,2.84615384615385,3.16666666666667,3.5,3.125,4.44444444444444,3,3.125,3.7,3.91666666666667,4.5,3.33333333333333,5.75,"R_2dAWLOKfxaPIGpo",19,"m","asian/asian canadian","7",2,1,0,0,1,0,1,4,2,1,6,3,5,8,7,7,1,1,7,5,1000,4,5,6,7,8,3,3,0,10,1,0,0,10,60,20,0,30,0,0,0,95,"interact with friends",2,2,2,1,2,5,794,852,120
136,0.761904761904762,2.55555555555556,3,2.14285714285714,2.6,5.17241379310345,2.84615384615385,3.5,2.95454545454545,3,3.55555555555556,2.55555555555556,3,2.7,3,3.66666666666667,2.33333333333333,4.875,"R_vxksRW4jhMqkqKl",18,"m","srilankan","6",2,0,0,0,1,0,0,3,4,6,7,1,5,2,8,5,2,3,7,3,NA,4,4,5,6,6,2,0,0,7,1,0,0,14,7,0,0,71,43,0,0,72,"interact with friends",4,4,3,2,4,4,NA,NA,135
137,0.80952380952381,2.88888888888889,3.33333333333333,2.85714285714286,2.4,5.55172413793103,3.07692307692308,3.25,3.61363636363636,3.75,4.33333333333333,4.11111111111111,2.125,3.6,3.08333333333333,4.33333333333333,1.83333333333333,6.375,"R_Z933VB4uQlssS9r",17,"m","southeast asian/indian","6",1,0,0,0,0,0,0,2,3,6,4,1,5,7,8,5,3,3,4,4,8,4,3,4,5,8,1,0,1,9,0,0,0,76,5,0,0,180,0,0,0,75,"interact with friends",5,5,2,2,4,6,245,257,261
138,0.857142857142857,3.11111111111111,2.83333333333333,3.28571428571429,3.2,6.58620689655172,3.23076923076923,3.09090909090909,2.84090909090909,3.125,2.77777777777778,2.66666666666667,3.25,2.5,3.08333333333333,3,3.16666666666667,3.625,"R_24dEY8gjoiClELs",17,"m","asian/asian canadian","",4,0,0,1,1,0,1,5,3,4,6,1,2,8,7,6,4,3,5,6,100,2,3,4,6,10,1,5,0,10,8,0,0,60,73,60,0,180,180,0,0,60,"entertainment",3,5,5,4,4,3,855,908,553
139,0.571428571428571,2.05555555555556,1.5,2.71428571428571,1.8,6.55172413793103,3.23076923076923,3.41666666666667,3.25,1.875,4.44444444444444,3.55555555555556,3.75,2.6,3.5,4.16666666666667,2.83333333333333,6.625,"R_pscAvPu8m97cwa5",18,"f","white/caucasian","8",2,1,0,1,1,0,1,6,3,2,5,4,1,7,8,5,2,2,6,5,40,4,4,5,6,3,5,5,3,6,5,0,0,30,61,125,12,90,150,0,0,92,"interact with friends",2,3,2,1,1,7,916,NA,468
140,0.80952380952381,3.88888888888889,3.33333333333333,4.28571428571429,4,6.3448275862069,3,3.25,3.25,3.875,2.44444444444444,3.33333333333333,3.375,3.3,3.16666666666667,3,3.33333333333333,5,"R_1IaQONlNdHJNcXl",17,"f","african canadian/black","5",5,0,0,0,1,1,1,NA,NA,NA,NA,NA,NA,NA,NA,2,1,1,6,3,NA,5,3,5,6,6,5,3,5,9,3,0,0,28,118,96,0,160,0,0,0,73,"entertainment",2,2,2,2,3,6,NA,NA,402
142,0.714285714285714,2.33333333333333,1.66666666666667,2.28571428571429,3.2,8.10344827586207,2.38461538461538,2.33333333333333,3.63636363636364,4.5,3.88888888888889,2.77777777777778,3.125,3.9,2.66666666666667,2.83333333333333,2.5,6.125,"R_3WeJnfH9cgCEN45",18,"f","southeast asian/indian","5",1,0,0,0,1,0,0,6,3,4,5,1,2,7,8,7,1,1,7,7,3,4,3,4,5,3,6,6,6,8,5,0,0,30,45,45,10,121,120,0,0,100,"interact with friends",3,3,2,1,1,5,2441,2501,371
143,0.523809523809524,2.5,2.5,2.85714285714286,2,3.96551724137931,3.53846153846154,2.33333333333333,2.84090909090909,2,3.55555555555556,3.22222222222222,2.75,2.6,2.5,3.83333333333333,1.16666666666667,5.25,"R_33ex8PkAnSQJSbe",17,"m","african canadian/black","7",2,0,0,0,1,0,0,3,7,6,4,1,2,5,8,5,3,3,5,5,299,4,4,6,6,7,0,0,2,8,3,0,0,20,0,0,10,70,14,0,0,55,"entertainment",3,2,3,2,3,4,733,766,114
144,0.714285714285714,3.22222222222222,2.33333333333333,3.57142857142857,3.8,5.62068965517241,3.07692307692308,3.41666666666667,3.22727272727273,2.625,3.33333333333333,3.11111111111111,3.875,3.2,3.75,3.33333333333333,4.16666666666667,4.75,"R_PYumA1KyDDCZqUh",18,"f","southeast asian/indian","",4,1,1,1,1,0,0,7,3,4,1,5,2,6,8,5,2,2,6,5,63,4,3,2,1,1,4,4,5,6,3,0,0,0,32,35,76,8,4,0,0,91,"procrastinate",4,4,1,1,1,4,245,273,155
145,0.666666666666667,2.16666666666667,2.16666666666667,2.28571428571429,2,6.85714285714286,3.69230769230769,3.08333333333333,3.68181818181818,2.875,4.33333333333333,3.88888888888889,3.25,3.9,3,3.5,2.5,6,"R_33Eb2PsBJujr4NX",28,"f","asian/asian canadian","7",2,1,0,0,1,0,1,5,3,2,6,4,1,7,8,7,1,1,5,3,201,4,5,6,7,7,7,7,5,10,3,5,0,10,40,75,5,60,130,0,0,90,"see other people",3,5,1,1,1,7,550,560,320
146,0.714285714285714,2.33333333333333,2.66666666666667,2.14285714285714,2.2,3.27586206896552,3.23076923076923,3.25,3.29545454545455,3,3.88888888888889,2.66666666666667,3,3.8,2.75,3.83333333333333,1.66666666666667,4.125,"R_SYQXBSoHXLIPZ7P",18,"f","asian/asian canadian","",3,0,0,0,1,0,0,7,3,4,5,1,2,6,8,5,5,2,7,3,0,4,4,5,6,0,5,3,6,10,1,0,0,0,30,10,5,180,180,10,0,75,"entertainment",2,3,1,1,1,5,NA,NA,415
147,0.619047619047619,2.77777777777778,3.16666666666667,2.42857142857143,2.8,4.37931034482759,3.84615384615385,1.91666666666667,3.15909090909091,2.875,3.55555555555556,3.77777777777778,2.125,3.3,2.75,3.83333333333333,1.66666666666667,5.875,"R_yx3e4y2tYQulvUt",21,"m","","7",2,1,1,0,0,0,0,4,1,3,7,2,5,8,6,5,3,3,5,5,100,3,4,5,6,9,6,3,3,10,1,3,0,8,155,40,10,180,40,6,0,80,"entertainment",3,4,3,4,5,4,855,863,439
148,0.476190476190476,2.5,1.83333333333333,3,2.6,5.41666666666667,2.76923076923077,3.66666666666667,2.95454545454545,2.75,4.11111111111111,2.88888888888889,1.625,3.2,2.66666666666667,4.16666666666667,1.16666666666667,5.875,"R_27wH7x4AnsO7IEX",18,"f","asian/asian canadian","6",2,0,0,0,0,0,0,2,4,3,7,1,5,6,8,7,2,1,7,6,NA,4,5,5,6,7,2,2,0,8,0,0,0,60,20,30,0,91,0,0,0,80,"entertainment",1,2,2,1,3,3,1099,NA,201
149,0.80952380952381,3.16666666666667,3.16666666666667,3.14285714285714,3.2,3.89655172413793,2.53846153846154,4.16666666666667,3.22727272727273,1.625,3.66666666666667,2.66666666666667,4.5,3.6,3.25,2.33333333333333,4.16666666666667,4.875,"R_1DGSSDryFMo4Ouf",18,"f","southeast asian/indian","7",4,1,0,0,0,0,0,5,2,6,7,1,3,4,8,7,7,7,4,7,1000,3,2,3,5,5,3,0,0,10,0,0,0,20,120,0,0,180,0,0,0,50,"interact with friends",3,1,2,1,1,7,NA,NA,320
150,0.666666666666667,3.72222222222222,3.33333333333333,3.57142857142857,4.4,4.93103448275862,2.76923076923077,4.08333333333333,2.97727272727273,2.625,3.33333333333333,3.11111111111111,2.25,3.4,2.5,3.33333333333333,1.66666666666667,3.625,"R_2QS62yyewEUckb4",27,"f","asian/asian canadian","5",3,0,1,1,0,0,0,4,6,7,5,2,3,8,1,6,1,2,7,5,0,4,3,2,6,0,0,0,0,10,0,0,10,0,0,0,0,75,0,0,180,85,"interact with friends",3,3,2,1,2,4,123,182,255
151,0.666666666666667,2.61111111111111,1.83333333333333,2.42857142857143,3.8,4.71428571428571,2.92307692307692,2.33333333333333,3.65909090909091,2.875,4.11111111111111,3.33333333333333,4.25,3.7,3.83333333333333,4.33333333333333,3.33333333333333,6.25,"R_cMevhYPA07ow7Ul",18,"f","white/caucasian","5",2,0,0,1,1,0,0,7,2,5,3,4,1,6,8,7,1,1,4,6,49,4,5,6,7,7,7,7,7,5,4,6,0,0,30,15,10,40,40,0,0,70,"interact with friends",3,4,1,2,4,3,184,197,135
153,0.952380952380952,2.94444444444444,2.5,3.14285714285714,3.2,5.89655172413793,3.07692307692308,2.83333333333333,3.09090909090909,3,2.88888888888889,3.11111111111111,3.375,3.1,2.5,1.83333333333333,3.16666666666667,3.375,"R_1EXq9H9pRyWoNQV",18,"f","asian/asian canadian","",2,1,1,1,1,1,1,2,1,3,5,4,7,6,8,7,1,1,7,7,NA,1,1,1,1,10,8,3,10,10,0,0,0,180,180,7,7,43,0,0,0,64,"relax",4,4,3,4,4,3,2441,2456,417
154,0.761904761904762,2.38888888888889,2.16666666666667,2.71428571428571,2.2,5.3448275862069,4,3,3.02272727272727,2.5,2.88888888888889,3.11111111111111,2.625,3.8,2.91666666666667,3.66666666666667,2.16666666666667,5.875,"R_2Sdg38ihEKbUGlj",18,"f","asian/asian canadian","5",4,0,0,1,1,0,0,6,5,4,1,3,2,7,8,7,2,2,6,3,51,4,5,6,7,5,4,4,4,6,4,3,0,0,0,0,90,90,150,30,0,80,"entertainment",1,1,5,1,5,5,794,842,360
155,0.619047619047619,3.11111111111111,3.33333333333333,3,3,5.93103448275862,2.46153846153846,3.33333333333333,3.13636363636364,4.25,3.55555555555556,2.33333333333333,2.625,3,3,4,2,6,"R_RF7FEW1KyNpLScF",18,"f","southeast asian/indian","3",2,0,0,0,0,0,0,5,3,2,6,1,4,7,8,7,1,1,7,7,301,4,4,6,6,2,9,9,0,10,0,0,0,6,28,29,0,120,0,0,0,100,"see other people",4,3,1,1,1,3,489,514,183
156,0.571428571428571,2.94444444444444,3,2.85714285714286,3,4.6551724137931,2.15384615384615,2.41666666666667,3.5,3,3.55555555555556,3.66666666666667,3.5,3.7,2.91666666666667,3.5,2.33333333333333,4.125,"R_bwHQFxyJfVOdtNT",28,"f","southeast asian/indian","",3,0,0,0,1,0,0,2,7,8,6,1,4,3,5,7,1,1,7,7,301,5,5,5,5,10,0,0,0,10,3,0,0,20,0,0,0,60,61,0,0,71,"see other people",3,6,1,2,1,4,489,503,141
157,0.619047619047619,2.83333333333333,2.33333333333333,3.42857142857143,2.6,6.39285714285714,2.30769230769231,3.41666666666667,3.88636363636364,4.5,3.88888888888889,3.11111111111111,4,4,3.16666666666667,3.66666666666667,2.66666666666667,5.625,"R_2SIWhjlZFGnCUkO",18,"f","white/caucasian","7",1,0,0,0,1,0,1,5,3,4,6,2,1,7,8,4,2,2,6,3,NA,4,5,5,5,8,6,4,6,10,2,0,0,30,70,70,15,180,180,0,0,95,"boredom",2,3,1,1,4,7,611,623,545
158,0.904761904761905,3.72222222222222,4.66666666666667,3,3.6,4.79310344827586,2.07692307692308,4.16666666666667,3.20454545454545,3.25,3,3.22222222222222,2.375,4,2.58333333333333,3.33333333333333,1.83333333333333,5.5,"R_2Y5n98dZ4VRkLKd",18,"m","Asian and white","4",2,0,0,1,1,0,0,6,2,3,5,1,4,7,8,6,3,2,4,6,500,4,4,5,6,0,5,4,0,9,3,0,0,0,60,31,0,90,15,0,0,100,"see other people",2,1,2,1,1,2,245,273,196
159,0.714285714285714,2.94444444444444,3,2.57142857142857,3.4,6.41379310344828,2.07692307692308,3.91666666666667,3.45454545454545,2.75,4.11111111111111,2.77777777777778,3.5,4,3,3,3,5,"R_2YhsRD05SEm28Na",19,"m","white/caucasian","4",4,1,1,0,1,0,0,4,3,5,7,1,2,6,8,6,2,2,4,4,0,4,5,6,7,3,2,2,0,10,3,0,0,30,30,15,0,90,20,0,0,80,"interact with friends",2,2,2,2,2,3,1648,1665,185
160,0.666666666666667,2.72222222222222,2.33333333333333,2.85714285714286,3,6.39285714285714,3,3.75,3.18181818181818,3.375,3.77777777777778,3,2.375,3.3,3.41666666666667,4,2.83333333333333,5.875,"R_1mWNrXRYyfr2crQ",18,"f","african canadian/black","",2,0,0,0,1,0,0,6,2,5,1,4,3,7,8,7,1,1,7,7,51,4,4,5,5,0,6,6,6,6,4,4,0,0,180,120,180,60,120,0,0,50,"entertainment",2,2,1,1,1,7,2441,NA,660
161,0.619047619047619,4.55555555555556,4.83333333333333,4,5,7.89655172413793,1.61538461538462,5,2.88636363636364,1.625,3.66666666666667,2.11111111111111,4.25,2.8,3.5,2,5,2,"R_2dms3yzc7t6ujuD",18,"f","southeast asian/indian","",6,1,0,0,1,0,0,6,5,3,2,4,1,7,8,7,1,1,7,7,26,4,5,6,7,7,6,5,1,9,4,0,0,0,30,60,60,30,180,0,0,50,"entertainment",1,1,1,1,1,5,1526,1541,360
162,0.666666666666667,2.66666666666667,1.33333333333333,2.42857142857143,4.6,7.17241379310345,3.07692307692308,3.66666666666667,2.81818181818182,2.25,2.55555555555556,3.11111111111111,2.25,3.7,1.91666666666667,2.33333333333333,1.5,3.75,"R_1mqrDC8ZNDjMAUA",18,"","southeast asian/indian","5",3,1,1,1,1,0,1,5,1,2,8,3,4,7,6,7,1,1,7,7,0,7,4,3,1,5,3,1,0,10,4,0,0,0,30,15,0,30,0,0,0,70,"hobby related",1,1,3,1,4,7,306,313,75
163,0.428571428571429,2.83333333333333,2.5,3.14285714285714,2.8,3.66666666666667,3.76923076923077,1,2.5,2.5,2.77777777777778,3,2.5,1.8,2.25,2.16666666666667,2.33333333333333,1,"R_86x9zKSpEmtxIpr",18,"m","southeast asian/indian","9",7,1,1,1,0,0,1,2,4,7,3,1,6,8,5,7,1,1,7,7,NA,4,4,4,4,10,0,0,10,10,0,0,0,180,0,0,180,180,0,0,0,100,"posting",2,2,1,2,NA,NA,977,996,540
164,0.761904761904762,3.5,3.33333333333333,3.57142857142857,3.6,5.20689655172414,2.61538461538462,3,3.40909090909091,3.75,3.44444444444444,3.77777777777778,2.75,3.3,3.41666666666667,4.33333333333333,2.5,4.25,"R_3nCz55Kg6DTvOGq",18,"m","southeast asian/indian","5",1,1,1,1,1,0,0,3,2,1,5,4,6,7,8,7,1,1,7,7,25,4,4,6,7,6,8,10,5,10,2,0,0,121,120,91,55,180,0,0,0,81,"boredom",1,1,1,1,1,7,1160,1161,567
165,0.761904761904762,3.72222222222222,3.66666666666667,3,4.8,5.20689655172414,3,1.75,3.06818181818182,3.5,3.66666666666667,3.44444444444444,2,2.7,2.66666666666667,3.66666666666667,1.66666666666667,6,"R_vSv2JxNp2FVLjS9",19,"f","asian/asian canadian","7",2,1,0,1,0,0,0,2,6,7,4,1,8,5,3,6,2,2,6,6,206,4,4,5,5,0,0,0,0,4,0,1,7,0,0,0,0,31,0,0,0,81,"interact with friends",6,6,2,6,2,7,428,458,31
166,1,2.77777777777778,3.16666666666667,2.42857142857143,2.8,7.67857142857143,2.61538461538462,4,3.11363636363636,2.875,3.11111111111111,2.66666666666667,3.25,3.6,4,4,4,5,"R_1riQui2QP7uZVMS",21,"m","white/caucasian","8",3,1,1,1,1,0,1,4,5,6,2,1,3,7,8,5,6,5,4,4,20,3,3,2,3,7,0,0,2,8,1,0,0,27,0,0,59,87,25,0,0,71,"entertainment",3,2,2,2,2,2,184,188,198
167,0.761904761904762,2.83333333333333,2.5,2.42857142857143,3.8,5.27586206896552,3.23076923076923,2.58333333333333,3.13636363636364,2.125,4.11111111111111,4,1.5,3.6,3.16666666666667,4,2.33333333333333,5.625,"R_yKMmpwDy9PLfThf",18,"m","african canadian/black","4",2,1,0,0,0,0,0,5,2,3,6,1,4,7,8,7,1,1,7,7,9,4,5,6,6,3,6,7,0,10,0,0,0,0,25,20,0,60,0,0,0,70,"entertainment",2,3,1,1,1,7,2441,2501,105
168,0.619047619047619,2.22222222222222,2.33333333333333,2.57142857142857,1.6,3.03448275862069,2.92307692307692,3.66666666666667,3.27272727272727,2,4,3.11111111111111,3.5,3.6,3.58333333333333,4.83333333333333,2.33333333333333,6.5,"R_3EmTTAlKbJp0lCM",18,"m","asian/asian canadian","7",2,1,0,0,1,0,0,4,2,3,7,1,5,6,8,7,1,1,7,7,17,4,5,6,7,7,2,2,0,10,1,0,0,15,30,15,0,64,11,0,0,20,"relax",3,2,3,1,1,4,184,192,135
169,0.476190476190476,2.83333333333333,1.83333333333333,3,3.8,5.93103448275862,2.69230769230769,3.83333333333333,3.20454545454545,2.125,4.11111111111111,3.44444444444444,3.125,3.1,2.66666666666667,1.83333333333333,3.5,3.75,"R_307yQJ7Tlsn01km",18,"m","asian/asian canadian","",6,0,0,0,0,0,1,7,2,4,3,1,6,5,8,4,4,3,6,6,5,3,3,3,6,4,5,4,1,10,0,1,0,0,60,30,75,120,0,0,0,60,"entertainment",3,2,4,1,3,4,1160,1184,285
170,0.714285714285714,2.88888888888889,1.83333333333333,3.28571428571429,3.6,7.10344827586207,2.46153846153846,3.08333333333333,3.56818181818182,2.875,3.55555555555556,3.66666666666667,4.125,3.6,3.25,3.66666666666667,2.83333333333333,5.5,"R_1K9HxsVXa7jbzUq",19,"m","southeast asian/indian","3",3,1,0,0,1,0,1,6,3,1,4,2,5,7,8,4,2,3,7,4,51,4,5,6,7,0,6,5,7,10,3,0,0,0,90,120,25,180,180,0,0,80,"boredom",3,6,4,2,1,1,733,770,595
171,0.523809523809524,3.11111111111111,3.16666666666667,2.71428571428571,3.6,5.55172413793103,2.53846153846154,3.5,3,3.125,3.44444444444444,2.66666666666667,3.125,2.7,3.25,3.16666666666667,3.33333333333333,3.625,"R_11hkxUyi1OzyBNV",19,"f","asian/asian canadian","7",3,0,0,1,0,0,1,5,6,1,7,4,3,8,2,7,2,2,5,3,25,2,2,3,6,0,0,5,0,7,0,0,7,0,0,60,0,60,0,0,59,61,"news",3,4,2,4,3,5,855,909,179
172,0.666666666666667,3,3,2.85714285714286,3.2,5.79310344827586,4.69230769230769,3.33333333333333,3.09090909090909,3.25,2.77777777777778,2.66666666666667,2.75,3.9,2.75,3.83333333333333,1.66666666666667,6.5,"R_BQ8C62LqmGJG2eR",18,"m","","6",2,1,1,0,0,0,0,3,6,4,8,1,7,5,2,7,1,1,7,3,43,1,1,1,1,1,1,1,1,4,2,2,5,0,0,0,30,35,0,0,36,61,"interact with friends",2,2,1,1,1,7,611,641,101
173,0.619047619047619,3.05555555555556,2.83333333333333,2.85714285714286,3.6,5.25,2.76923076923077,3.91666666666667,3.36363636363636,4.25,3.77777777777778,2.55555555555556,2.375,3.8,3,4.5,1.5,5.5,"R_vCvb9VhN4TGwKGZ",19,"f","asian/asian canadian","",2,0,0,1,1,0,0,5,3,7,6,2,4,8,1,5,2,2,6,4,80,4,3,6,7,5,8,1,1,9,8,0,10,5,10,0,0,40,60,0,80,30,"see other people",1,2,3,3,1,5,1282,1313,195
174,0.714285714285714,3.33333333333333,3.5,3.42857142857143,3,5.44827586206897,3.61538461538462,2.58333333333333,3.63636363636364,3.875,3.66666666666667,3.66666666666667,2.875,4,3.33333333333333,4.5,2.16666666666667,5.875,"R_1KrxdCySIQWlT2c",19,"f","asian/asian canadian","6",2,0,0,0,1,0,0,NA,NA,NA,NA,NA,NA,NA,NA,5,3,2,5,3,8,2,1,3,5,2,2,0,0,2,0,0,1,0,0,5,11,0,0,0,22,42,"entertainment",2,3,1,1,3,7,184,237,38
175,0.666666666666667,3.83333333333333,3.66666666666667,3.14285714285714,5,10.1379310344828,1.61538461538462,3.66666666666667,3.70454545454545,4.125,3.22222222222222,3.11111111111111,3.5,4.5,3.83333333333333,4.83333333333333,2.83333333333333,5.625,"R_3dE5OXg3H8Tdx67",23,"m","Middle Eastern","",5,0,0,0,1,0,1,4,2,5,3,1,6,7,8,7,1,1,4,3,20,3,5,6,7,10,6,7,10,10,4,10,0,31,45,34,36,38,0,0,0,67,"interact with friends",2,5,1,1,1,1,428,NA,184
176,0.571428571428571,2.44444444444444,2.66666666666667,2.42857142857143,2.2,4.74074074074074,3.15384615384615,4.66666666666667,3.61363636363636,3.375,4.55555555555556,2.66666666666667,4.25,3.3,3.08333333333333,2.33333333333333,3.83333333333333,4.625,"R_CdZAMti6q1EYQr7",18,"f","african canadian/black","",4,0,0,1,0,0,0,4,1,2,6,3,5,7,8,1,1,1,7,7,NA,4,5,6,7,5,3,4,0,4,1,0,0,30,60,15,0,90,45,0,0,25,"boredom",1,1,1,1,1,1,489,528,240
177,0.80952380952381,2.88888888888889,2.66666666666667,3.14285714285714,2.8,6.42857142857143,2.38461538461538,4.33333333333333,3.45454545454545,2.75,3.55555555555556,3.11111111111111,4.25,3.6,3.33333333333333,4,2.66666666666667,5.125,"R_DHkLUNLG6K70jVn",19,"m","asian/asian canadian","7",2,1,0,1,1,0,0,5,2,3,6,1,4,7,8,7,3,1,5,4,NA,4,4,5,6,7,3,3,5,7,1,0,0,10,75,15,30,180,0,0,0,95,"relax",2,3,1,1,2,6,2136,2137,310
178,0.80952380952381,3.16666666666667,3,2.85714285714286,3.8,2.82758620689655,2.69230769230769,4,2.97727272727273,1.75,3.88888888888889,1.88888888888889,3.875,3.4,4.16666666666667,4.33333333333333,4,3.75,"R_1LS7dxcUQKckRgP",35,"f","asian/asian canadian","5",2,1,1,0,0,0,0,3,2,4,6,1,7,8,5,6,3,3,6,6,0,4,4,4,3,4,6,3,2,9,0,0,0,0,0,0,0,0,0,0,0,81,"interact with friends",3,3,2,2,3,6,367,374,0
179,0.857142857142857,2.94444444444444,2.5,3.14285714285714,3.2,4.82758620689655,2.30769230769231,3.58333333333333,3.18181818181818,3.875,3.33333333333333,2.22222222222222,3.5,3.1,2.91666666666667,3.83333333333333,2,4.625,"R_2uP40Onan7Z0vVQ",18,"f","southeast asian/indian","3",3,1,0,1,1,0,1,6,5,4,3,2,1,7,8,7,1,1,6,3,NA,4,5,6,7,8,5,4,5,6,3,0,0,10,30,30,30,180,180,0,0,60,"boredom",3,1,1,1,1,4,611,629,460
180,0.80952380952381,3,3.16666666666667,2.85714285714286,3,5.17241379310345,2.30769230769231,3.91666666666667,3.04545454545455,2.125,3.88888888888889,2.88888888888889,3.375,2.9,3,3.33333333333333,2.66666666666667,5,"R_C47EvGcBFaTAptD",18,"m","southeast asian/indian","",3,1,0,0,0,0,0,1,4,3,5,2,6,7,8,5,2,2,6,6,NA,3,4,5,6,8,6,5,1,5,1,0,0,60,30,75,0,33,0,0,0,84,"entertainment",1,1,3,1,2,3,184,207,198
181,0.571428571428571,2.77777777777778,2.83333333333333,2.42857142857143,3.2,5.72413793103448,3.07692307692308,2.91666666666667,3,3,3,3,3,3,2.41666666666667,2.33333333333333,2.5,3.125,"R_2SpMtchqMAVOXek",18,"f","asian/asian canadian","3",6,1,0,0,0,0,0,5,2,6,8,3,4,7,1,7,1,7,7,5,NA,2,2,2,2,2,1,0,0,5,0,0,4,0,30,0,0,180,0,0,120,96,"see other people",3,3,1,4,4,6,NA,NA,330
182,0.952380952380952,3.55555555555556,3.66666666666667,3.57142857142857,3.4,7.48275862068965,2.15384615384615,4.16666666666667,3.18181818181818,3.125,3.22222222222222,3.11111111111111,2.75,3.6,3.16666666666667,3.5,2.83333333333333,4.875,"R_xxVL3nUimothly9",19,"m","southeast asian/indian","7",3,1,1,1,0,0,1,NA,NA,NA,NA,NA,NA,NA,NA,7,1,1,7,7,1000,1,2,3,2,8,4,3,8,10,1,0,0,10,129,86,31,180,0,0,0,60,"boredom",1,1,1,1,1,1,367,368,436
183,0.761904761904762,2.72222222222222,3,2,3.4,5.03448275862069,3.23076923076923,3,3.25,2.5,4.11111111111111,3,3.375,3.2,2.75,2.83333333333333,2.66666666666667,4.125,"R_3C4jHgPQAKgsQWB",20,"f","asian/asian canadian","4",5,1,1,1,0,0,0,3,4,5,6,1,7,8,2,6,1,1,7,4,3,4,4,4,4,5,1,3,0,5,1,0,3,2,0,0,0,120,0,0,15,60,"hobby related",3,3,3,1,2,5,1465,NA,137
184,0.523809523809524,2.77777777777778,2.5,3,2.8,5.89655172413793,3.15384615384615,3,2.97727272727273,3.125,2.77777777777778,3.11111111111111,2.875,3,2.66666666666667,2.5,2.83333333333333,3.375,"R_5bSEflkC8exEMHD",21,"m","white/caucasian","",1,0,0,0,1,0,1,NA,NA,NA,NA,NA,NA,NA,NA,3,3,3,3,3,610,1,1,1,1,0,3,0,0,0,0,0,0,66,59,59,55,87,88,87,85,NA,"entertainment",3,3,3,3,3,3,794,798,586
185,0.714285714285714,3.11111111111111,3,3.42857142857143,2.8,8.37931034482759,2.53846153846154,4.08333333333333,3.20454545454545,3.375,3.33333333333333,3.11111111111111,3.125,3.1,2.91666666666667,3.5,2.33333333333333,5,"R_3034A8aNc2hhQiO",18,"f","asian/asian canadian","6",2,1,1,1,1,0,1,5,1,2,7,4,3,6,8,7,1,1,4,3,20,4,3,5,5,7,6,5,1,6,4,0,0,28,120,87,0,60,140,0,0,100,"interact with friends",1,1,1,1,1,6,1465,1499,435
186,0.619047619047619,2.16666666666667,1.83333333333333,2.85714285714286,1.6,5.93103448275862,2.38461538461538,3.25,3.36363636363636,1.625,3.44444444444444,3.33333333333333,4.625,3.7,3.25,2.66666666666667,3.83333333333333,3.625,"R_33xJrUdRbZ9xTWe",18,"f","white/caucasian","7",3,0,0,0,1,0,0,7,1,3,6,2,4,5,8,7,1,1,7,4,20,4,4,3,2,0,3,4,2,10,2,6,0,0,180,90,0,180,120,25,0,95,"relax",3,3,1,1,3,4,1221,1244,595
187,0.666666666666667,3.22222222222222,3.66666666666667,3,3,6.55172413793103,3,3.16666666666667,3.59090909090909,4,4.11111111111111,3.77777777777778,2,3.9,2.83333333333333,3.66666666666667,2,5.875,"R_3svKevVozgQAwV0",19,"f","asian/asian canadian","",3,0,0,1,0,0,1,4,2,3,7,1,6,8,5,7,1,1,7,7,48,4,4,4,4,1,1,1,1,4,0,0,2,9,18,6,0,21,0,0,10,15,"interact with friends",3,3,2,1,2,7,NA,NA,64
188,0.761904761904762,3.38888888888889,3.16666666666667,3.28571428571429,3.8,6.89655172413793,2.23076923076923,4.25,3.25,3.25,3.11111111111111,3,3.125,3.7,2.83333333333333,4.16666666666667,1.5,4.75,"R_3GwzAOwTwoHaAjc",22,"m","asian/asian canadian","7",2,1,1,1,0,0,1,7,4,8,5,2,3,6,1,7,1,1,7,4,399,1,3,4,6,0,1,0,1,4,2,4,6,0,0,0,32,151,151,58,180,81,"entertainment",7,4,1,1,3,7,123,145,572
189,0.761904761904762,2,2,2.71428571428571,1,4.79310344827586,3.69230769230769,1.5,3.95454545454545,4.75,4.77777777777778,4.22222222222222,2.125,3.8,3,4,2,6.25,"R_3rHCe5P4Heh8fDZ",21,"f","southeast asian/indian","6",2,0,0,0,1,0,1,2,3,1,6,4,5,7,8,3,2,2,4,3,0,4,4,5,6,7,5,5,0,10,6,0,0,88,60,60,0,180,0,0,0,70,"interact with friends",3,3,2,2,4,6,NA,NA,388
190,0.619047619047619,3.33333333333333,3,4,2.8,7.25,2.23076923076923,3.58333333333333,2.81818181818182,2.875,2.66666666666667,2,4.25,2.5,3.08333333333333,2.83333333333333,3.33333333333333,3.125,"R_3rZhGkpjGDuuzMb",19,"m","asian/asian canadian","6",6,1,0,0,0,0,1,3,1,4,6,2,7,5,8,7,1,1,7,7,100,4,5,6,7,7,4,0,0,9,0,0,0,15,20,7,0,40,0,0,0,70,"entertainment",5,5,2,2,1,7,184,NA,82
191,0.714285714285714,3.05555555555556,3.16666666666667,3.28571428571429,2.6,5.44444444444444,2.84615384615385,3,3.09090909090909,2.875,3,3.22222222222222,3.125,3.2,2.91666666666667,2.66666666666667,3.16666666666667,4,"R_3CErY3x91tUXPx8",19,"f","african canadian/black","",4,0,0,1,0,0,0,2,8,4,7,1,6,3,5,2,4,4,4,6,248,5,4,5,4,4,4,0,3,4,2,4,3,105,134,80,81,79,0,27,13,32,"boredom",6,4,2,5,5,5,977,NA,519
192,0.571428571428571,2.55555555555556,2.33333333333333,2.85714285714286,2.4,5.6551724137931,2.46153846153846,2.83333333333333,3.25,2.625,4.22222222222222,2.66666666666667,4,2.8,3.16666666666667,2.66666666666667,3.66666666666667,4.25,"R_1HhhiPPHIlCVJe2",19,"f","white/caucasian","",4,0,0,0,1,0,1,5,2,1,6,3,4,7,8,7,1,1,7,7,98,4,5,6,7,6,5,5,4,8,5,0,0,10,30,22,0,60,41,0,0,60,"interact with friends",3,1,1,1,1,5,550,566,163
193,0.80952380952381,2.5,2.33333333333333,2.14285714285714,3.2,5.06896551724138,3.53846153846154,4,3.59090909090909,3.5,4.22222222222222,3.33333333333333,2.375,4.3,3,3,3,4.625,"R_2Y9x3nKVpi7O6Wu",19,"f","white/caucasian","5",3,0,0,1,0,0,0,6,1,3,5,2,4,7,8,7,1,1,7,7,100,4,4,5,6,0,2,1,0,4,0,0,0,0,90,50,0,120,0,0,0,60,"posting",4,5,4,2,4,3,306,332,260
194,0.761904761904762,2.66666666666667,2.16666666666667,2.85714285714286,3,3.10344827586207,3,2,3.54545454545455,4.125,3.77777777777778,3.66666666666667,1.5,4.4,3.66666666666667,4.66666666666667,2.66666666666667,6.625,"R_1LIPGFEEmATYvBR",19,"m","hispanic/latino","8",1,1,0,1,1,0,0,5,3,2,6,1,4,7,8,7,1,1,7,5,2,3,4,5,6,9,7,5,8,10,3,0,0,9,36,39,0,52,0,0,0,100,"procrastinate",1,1,3,1,3,7,NA,NA,136
195,0.761904761904762,3.16666666666667,3,3.42857142857143,3,6.41379310344828,2.53846153846154,2.75,3.34090909090909,3.75,4.33333333333333,3.33333333333333,2.25,3,3.16666666666667,3.16666666666667,3.16666666666667,5.375,"R_1F9UPa9EnhJR2vv",18,"f","white/caucasian","",2,0,0,0,1,1,1,4,1,2,5,6,3,7,8,3,2,NA,6,7,NA,4,5,6,7,9,4,4,0,10,5,0,0,8,59,91,0,0,120,0,0,43,"procrastinate",2,1,1,1,1,6,245,279,278
197,0.666666666666667,2.83333333333333,2.66666666666667,3.14285714285714,2.6,4.37931034482759,2.53846153846154,3.83333333333333,2.88636363636364,2,3,2.88888888888889,3.125,3.3,3,2.83333333333333,3.16666666666667,4.25,"R_3DtlRlkvYQghovn",22,"m","southeast asian/indian","4",5,1,1,0,0,1,1,4,2,3,7,1,5,6,8,6,2,2,6,6,500,4,4,4,4,8,1,3,0,10,1,0,0,8,15,15,0,30,10,0,0,80,"see other people",4,3,3,3,3,3,245,267,78
198,0.857142857142857,3.05555555555556,2.5,3.57142857142857,3,5.20689655172414,2.84615384615385,4.41666666666667,3.06818181818182,3.25,3.33333333333333,2.77777777777778,2.75,3.2,3.41666666666667,3.83333333333333,3,4.625,"R_2cnC3uh7kh3R9gp",21,"m","asian/asian canadian","4",2,0,0,0,1,0,1,2,1,5,3,4,6,7,8,1,7,7,1,1,NA,5,7,7,7,10,8,4,9,10,2,0,0,43,60,2,15,90,0,0,0,100,"boredom",1,1,1,1,1,7,123,143,210
199,0.619047619047619,3.38888888888889,2,4.42857142857143,3.6,5.89655172413793,2.07692307692308,4.58333333333333,3.88636363636364,4.125,4.22222222222222,2.33333333333333,4.75,4.1,3.5,3,4,4.25,"R_21po2vuxteubV1O",22,"f","middle east","4",4,1,0,0,1,0,0,3,4,5,6,1,2,7,8,6,1,1,6,3,100,5,4,3,4,8,7,4,0,8,3,0,0,180,120,0,0,150,180,0,0,80,"procrastinate",1,3,1,1,1,7,1709,1740,630
200,0.714285714285714,2.88888888888889,2.16666666666667,3.28571428571429,3.2,3.75862068965517,3,3.58333333333333,3.15909090909091,2.5,3.88888888888889,2.88888888888889,3.5,3,3.08333333333333,3.83333333333333,2.33333333333333,4.625,"R_bDHnxeJ4VpobiQV",20,"f","southeast asian/indian","5",2,0,0,0,1,0,1,4,2,6,1,5,3,7,8,7,1,3,4,4,NA,4,5,6,7,8,4,4,5,5,1,1,0,75,36,5,33,20,60,0,0,80,"entertainment",3,5,3,1,3,6,1,10,229
201,0.666666666666667,2.55555555555556,3,2.28571428571429,2.4,3.62068965517241,2.69230769230769,3.41666666666667,3,2.875,3,3.11111111111111,3,3,3.41666666666667,3.66666666666667,3.16666666666667,5.25,"R_37qocX8tUVIZPdT",20,"m","southeast asian/indian","6",2,1,1,1,1,0,0,6,4,5,3,2,1,7,8,7,1,1,4,7,NA,5,6,7,7,4,3,4,4,10,5,0,0,10,4,5,6,30,23,0,0,30,"interact with friends",4,3,2,1,5,5,489,NA,78
202,0.523809523809524,2.72222222222222,2.66666666666667,2.57142857142857,3,5.46428571428571,3.07692307692308,2.58333333333333,3.20454545454545,2.875,4.33333333333333,2.77777777777778,2.75,3.2,3.16666666666667,3.66666666666667,2.66666666666667,6.125,"R_3nGjyukjwCXvVqQ",19,"f","Southeast Asian","7",2,0,0,1,1,0,1,4,1,7,5,3,2,6,8,6,3,3,6,7,1000,4,5,6,7,10,5,0,3,10,1,0,0,30,60,0,15,90,180,0,0,60,"entertainment",2,2,1,1,2,5,733,764,375
203,0.571428571428571,2.83333333333333,3,2.57142857142857,3,5.68965517241379,3,3.41666666666667,2.97727272727273,3,3,2.88888888888889,3,3,3,3,3,4,"R_276XX9nvJJ34Vi9",17,"f","african canadian/black","",3,1,0,0,1,0,0,4,1,2,5,3,6,7,8,6,1,2,4,4,1000,5,6,7,7,4,3,3,1,2,2,1,0,88,122,116,20,18,90,0,0,67,"procrastinate",4,4,4,4,4,3,245,248,454
204,0.571428571428571,2.38888888888889,2.5,2.57142857142857,2,4.93103448275862,3.53846153846154,2.16666666666667,3.54545454545455,3.5,4.44444444444444,3.77777777777778,2.125,3.7,2.91666666666667,2.83333333333333,3,6.375,"R_2Wu87dtlB4NarOi",18,"f","african canadian/black","",3,1,0,0,1,0,1,7,2,3,1,4,5,6,8,7,1,1,7,7,NA,4,4,4,4,2,7,4,6,10,3,5,0,0,94,64,122,89,124,38,0,89,"news",2,6,1,2,2,6,611,632,531
205,0.619047619047619,3.22222222222222,3.33333333333333,3,3.4,4.58620689655172,4.07692307692308,1.75,3.81818181818182,4.625,4.55555555555556,4.55555555555556,1.625,3.6,3.33333333333333,4.66666666666667,2,7,"R_3PvGtkjxcERTrmR",19,"m","southeast asian/indian","7",2,1,1,1,1,0,0,3,2,4,6,1,5,7,8,6,1,1,4,2,20,4,4,5,6,9,5,5,8,10,5,0,0,60,50,47,0,30,0,0,0,100,"entertainment",5,5,5,2,5,6,306,307,187
206,0.80952380952381,2.61111111111111,2.33333333333333,2.42857142857143,3.2,4,2.61538461538462,3.09090909090909,2.97727272727273,2.875,3.33333333333333,2.66666666666667,3.125,2.9,3.25,3.5,3,3.75,"R_5oNQlQR2OzKNpv3",18,"m","Central Asian","5",6,1,0,0,1,0,0,5,2,3,6,1,4,7,8,7,1,1,7,7,94,2,3,4,6,8,5,5,6,10,4,0,0,7,26,21,0,62,36,0,0,52,"interact with friends",3,1,3,2,4,3,184,191,152
207,0.619047619047619,4.27777777777778,5,3.71428571428571,4.2,7.03571428571429,2.53846153846154,2.08333333333333,3.70454545454545,3.625,3.77777777777778,2.88888888888889,3.125,4.9,3.16666666666667,3.66666666666667,2.66666666666667,7,"R_1EbnKNIaY17rST0",19,"m","asian/asian canadian","6",1,0,0,1,0,0,1,6,1,4,8,3,7,5,2,7,1,1,7,7,NA,4,4,3,3,0,10,2,0,10,0,0,10,0,5,0,0,20,0,0,10,10,"interact with friends",7,7,1,1,1,7,123,158,35
208,0.857142857142857,1.94444444444444,1.33333333333333,2.14285714285714,2.4,4.86206896551724,3.38461538461538,3.16666666666667,3.43181818181818,3,4.44444444444444,3.44444444444444,2,4,3.41666666666667,4,2.83333333333333,5.5,"R_1n6ADnF8MKE0IPX",18,"m","southeast asian/indian","5",2,0,0,1,1,0,1,6,3,2,5,1,4,7,8,7,1,1,7,4,100,5,4,5,5,10,6,5,5,10,3,1,0,30,30,20,20,120,60,0,0,60,"interact with friends",4,4,3,2,3,6,672,695,280
210,0.714285714285714,3.11111111111111,3,3.14285714285714,3.2,4.06896551724138,2.53846153846154,3.5,3.06818181818182,2.875,3,2.44444444444444,3.875,3.2,3.41666666666667,2.83333333333333,4,4.875,"R_1FQbow0S4mFspYW",19,"f","asian/asian canadian","3",3,1,0,0,1,0,1,7,4,1,5,2,3,6,8,3,2,1,6,6,NA,4,4,5,6,3,4,5,3,6,5,4,0,0,45,13,0,97,92,0,0,41,"interact with friends",3,3,4,2,2,5,123,132,247
211,0.80952380952381,2.83333333333333,2.66666666666667,2.85714285714286,3,7.20689655172414,2.92307692307692,3.5,3.34090909090909,2.875,3.55555555555556,3,4,3.3,3.41666666666667,2.66666666666667,4.16666666666667,3.125,"R_10BLf3HHudgIfDd",18,"f","Guyanese","",5,0,0,0,1,0,0,5,1,2,8,4,3,6,7,7,1,1,6,6,25,4,5,5,6,5,5,5,0,10,7,0,0,30,120,120,0,60,180,0,0,30,"interact with friends",4,2,1,1,3,7,1038,1061,510
212,0.619047619047619,2.38888888888889,2.16666666666667,3.14285714285714,1.6,4.53571428571429,2.84615384615385,3.75,3.13636363636364,2.625,3.55555555555556,3.55555555555556,2.625,3.2,3.33333333333333,4.16666666666667,2.5,5.75,"R_28Hisn2OZe0axda",19,"f","white/caucasian","6",2,0,0,1,1,0,0,3,4,2,6,5,1,7,8,6,1,1,6,3,20,4,5,5,6,5,4,4,0,10,5,0,0,15,5,12,0,20,90,0,0,90,"procrastinate",1,2,1,1,3,6,306,NA,142
213,0.761904761904762,3.61111111111111,3.33333333333333,3.42857142857143,4.2,5.48275862068965,2.30769230769231,3.16666666666667,3.25,3.375,3.55555555555556,3.22222222222222,2.875,3.2,3.08333333333333,3.66666666666667,2.5,4.25,"R_54S75B3xM4FVjq1",18,"m","asian/asian canadian","",3,0,0,0,1,1,0,6,3,2,5,1,4,7,8,7,1,1,4,4,508,4,4,5,6,2,9,9,0,10,8,0,0,0,148,180,0,180,98,0,0,95,"boredom",3,2,5,1,1,4,NA,NA,606
214,0.523809523809524,2.83333333333333,2.83333333333333,2.57142857142857,3.2,7,2.69230769230769,4.41666666666667,2.97727272727273,2.875,2.66666666666667,3.11111111111111,3.5,2.8,3.16666666666667,2.16666666666667,4.16666666666667,4.25,"R_1IoegP1vCIDzgmK",20,"f","asian/asian canadian","",6,1,0,0,0,0,1,4,2,5,8,1,6,7,3,6,4,4,4,4,520,2,2,3,4,3,9,3,1,10,1,1,10,0,15,0,0,180,0,0,21,23,"entertainment",2,1,2,2,2,2,123,142,216
215,0.619047619047619,2.55555555555556,2.33333333333333,2.71428571428571,2.6,2.82758620689655,3,3.66666666666667,3.29545454545455,2.125,4,3.11111111111111,2.375,4.5,2.58333333333333,3,2.16666666666667,5.25,"R_1l4stCQjF495aoY",22,"f","white/caucasian","3",2,0,0,1,1,0,0,5,3,4,6,1,2,7,8,7,1,1,4,7,11,2,3,4,4,8,2,4,0,6,4,0,0,2,10,2,0,60,60,0,0,90,"entertainment",4,2,2,2,4,3,489,497,134
216,0.619047619047619,2.94444444444444,3,2.85714285714286,3,6,3.23076923076923,2.08333333333333,3.13636363636364,3.375,3.33333333333333,3,2.625,3.3,2.66666666666667,3.16666666666667,2.16666666666667,4.5,"R_1Ed1YdEx6E5WCmC",18,"f","southeast asian/indian","",4,1,0,1,1,0,1,3,2,4,6,5,1,7,8,7,1,1,4,7,0,4,3,2,1,10,10,4,8,5,10,1,0,0,35,22,0,0,180,0,0,63,"entertainment",1,1,1,1,1,1,2441,2459,237
217,0.571428571428571,3.05555555555556,3,3.42857142857143,2.6,5.17241379310345,2.30769230769231,3.41666666666667,3.13636363636364,2.625,4.33333333333333,2.88888888888889,2.875,2.9,3.25,4.66666666666667,1.83333333333333,6.625,"R_2QyuxXmoToIEgWD",19,"m","asian/asian canadian","7",2,1,0,0,1,0,1,5,2,3,6,1,4,7,8,7,1,1,7,3,1000,4,4,4,6,7,5,4,1,10,1,0,0,40,58,30,0,180,90,0,0,65,"entertainment",7,6,2,2,6,7,1343,1382,398
218,0.714285714285714,3.05555555555556,3,2.85714285714286,3.4,5.10344827586207,2.53846153846154,3.33333333333333,3.47727272727273,2.5,2.66666666666667,3.55555555555556,4.75,3.9,3.41666666666667,2.5,4.33333333333333,3.375,"R_RF9uPow2BGwOdrP",22,"f","southeast asian/indian","3",7,1,1,0,1,0,0,4,3,5,7,2,1,6,8,7,1,1,7,5,20,4,5,6,7,9,5,5,1,10,9,0,0,115,94,104,0,136,90,0,0,77,"hobby related",2,4,1,1,1,5,1892,1942,539
219,0.666666666666667,2.05555555555556,1.66666666666667,2.57142857142857,1.8,3.03448275862069,2.92307692307692,3.5,3.38636363636364,3.25,4.55555555555556,2.77777777777778,3.375,3,3,2.16666666666667,3.83333333333333,3.375,"R_WCihEadzGgKPkAh",18,"f","southeast asian/indian","7",4,0,0,1,1,0,1,6,4,2,5,1,3,8,7,6,1,2,7,5,20,3,3,5,6,0,0,1,0,10,2,0,0,0,0,60,0,120,60,0,0,50,"interact with friends",2,1,1,4,6,3,245,259,240
220,0.714285714285714,3.44444444444444,3.33333333333333,3.57142857142857,3.4,4.64285714285714,2.38461538461538,2.91666666666667,3.15909090909091,3.125,3.44444444444444,3.22222222222222,2.875,3.1,3.75,3.16666666666667,4.33333333333333,4.75,"R_1IxQg9Jt9K94Yhk",18,"f","asian/asian canadian","",2,1,1,0,0,0,1,7,2,3,4,1,5,6,8,6,2,4,6,5,0,3,5,6,7,5,5,5,0,10,1,0,0,0,61,15,0,180,0,0,0,50,"relax",2,1,1,1,1,4,428,488,256
222,0.476190476190476,3.55555555555556,3.16666666666667,3.71428571428571,3.8,4.62068965517241,2.61538461538462,3.66666666666667,3.29545454545455,3.375,3.66666666666667,2.88888888888889,3.625,3,3.08333333333333,2.83333333333333,3.33333333333333,4.375,"R_b1s319hj4Fpb7b3",18,"f","southeast asian/indian","2",4,0,0,0,1,0,1,5,1,2,6,3,4,7,8,4,3,3,4,3,5,4,3,2,1,0,3,3,2,3,3,2,1,1,96,58,0,44,18,0,0,85,"entertainment",3,3,2,1,2,7,1465,1484,217
223,0.714285714285714,3.33333333333333,3.5,3.57142857142857,2.8,7.27586206896552,1.84615384615385,4,2.90909090909091,2.125,3.44444444444444,3,3.25,2.7,3.16666666666667,2.83333333333333,3.5,4.25,"R_2Clc4mFwYQsjiY9",20,"m","white/caucasian","",2,0,0,0,1,0,1,5,4,3,6,1,2,7,8,7,1,1,7,7,11,5,6,6,6,8,2,3,0,10,6,1,0,30,0,30,0,60,89,0,0,90,"procrastinate",1,1,1,1,2,4,489,502,209
224,0.476190476190476,2.77777777777778,2,3.71428571428571,2.4,8.41379310344828,1.84615384615385,4.58333333333333,3.47727272727273,3.625,3.77777777777778,2.22222222222222,4.75,3.2,3.5,3.33333333333333,3.66666666666667,3.5,"R_1GDhHV5qLQa5RKr",19,"f","southeast asian/indian","8",4,0,0,0,1,0,1,4,1,3,6,5,2,7,8,7,1,1,7,5,NA,2,3,5,7,7,8,8,2,10,3,1,0,74,120,45,0,60,180,0,0,60,"interact with friends",3,2,5,2,1,5,489,493,479
225,0.619047619047619,3.16666666666667,3.5,3.14285714285714,2.8,5.03448275862069,3.23076923076923,3.58333333333333,2.95454545454545,2.75,3.44444444444444,2.88888888888889,2.875,2.8,3,2.83333333333333,3.16666666666667,4.375,"R_2To4sOxX7tuI6ev",20,"m","asian/asian canadian","3",4,1,0,1,1,0,1,5,3,7,6,2,4,8,1,3,5,5,5,NA,301,4,5,5,6,2,5,2,1,3,1,0,8,0,58,5,7,174,8,0,89,70,"interact with friends",3,3,4,4,3,4,306,338,341
226,0.761904761904762,3.72222222222222,4.33333333333333,3.14285714285714,3.8,4.13793103448276,2.69230769230769,3.33333333333333,3.36363636363636,2,4,3.11111111111111,3.875,3.7,3.25,3.16666666666667,3.33333333333333,4.25,"R_2fxsR9B7rW9apUs",18,"f","white/caucasian","7",5,1,0,0,1,0,1,6,3,4,2,1,5,7,8,7,1,1,4,7,1000,1,1,4,4,6,5,4,5,6,3,4,0,15,61,62,78,120,36,0,0,40,"interact with friends",3,3,1,1,1,7,916,968,372
227,0.714285714285714,3.38888888888889,3.33333333333333,3.71428571428571,3,5.62068965517241,2.76923076923077,2.66666666666667,3.09090909090909,2.875,2.55555555555556,3.66666666666667,3.5,2.9,3.08333333333333,2.83333333333333,3.33333333333333,3.375,"R_2Ec1env2iD84eom",18,"f","Middle eastern","8",3,0,0,0,1,0,0,5,1,4,7,2,3,6,8,4,4,3,3,5,0,1,3,3,4,5,10,4,0,6,10,0,0,62,180,134,0,110,123,0,0,100,"interact with friends",2,3,3,4,3,4,62,90,609
228,0.666666666666667,3.44444444444444,3.66666666666667,2.85714285714286,4,5.89655172413793,2.07692307692308,4,3.04545454545455,2.875,3.33333333333333,2.22222222222222,3.75,3.1,3.08333333333333,3.66666666666667,2.5,3.625,"R_3L73VL8OFTKac4m",18,"m","asian/asian canadian","",5,0,1,1,0,0,1,6,3,7,4,2,5,8,1,7,1,1,7,6,9,3,3,3,3,0,1,0,1,3,1,0,5,0,7,0,0,60,0,0,30,80,"entertainment",2,2,2,2,2,6,977,987,97
229,0.714285714285714,2.72222222222222,3.16666666666667,2.14285714285714,3,8.20689655172414,2.15384615384615,3.16666666666667,3.29545454545455,4,3.77777777777778,3.11111111111111,2,3.5,3.33333333333333,4,2.66666666666667,6.125,"R_2D0OxgKiPUTgP1y",19,"m","southeast asian/indian","6",2,1,0,0,1,0,0,6,3,2,5,4,1,7,8,4,2,2,6,3,20,4,5,6,6,6,6,7,8,10,3,0,0,0,30,120,0,0,180,0,0,70,"interact with friends",3,3,2,2,6,4,367,378,330
230,0.761904761904762,3.5,2.5,3.71428571428571,4.4,7.62068965517241,2.15384615384615,4.41666666666667,3.34090909090909,3.625,4.66666666666667,2.66666666666667,3.875,2.1,2.5,4,1,6.125,"R_2bVs5Xwo8nJSKj8",18,"f","asian/asian canadian","",6,0,0,1,1,0,0,5,1,3,6,2,4,7,8,1,7,7,1,1,20,4,5,6,7,4,4,3,0,4,1,0,0,0,180,180,0,180,180,0,0,95,"interact with friends",1,1,1,1,1,7,1038,1056,720
231,0.714285714285714,2.61111111111111,3.16666666666667,2.28571428571429,2.4,4.27586206896552,3.15384615384615,3.18181818181818,3.11363636363636,3.25,3.55555555555556,3.22222222222222,2.375,3.1,2.66666666666667,3.33333333333333,2,4.375,"R_21oIEYqgDf3G1Il",18,"m","asian/asian canadian","",2,1,0,0,1,0,0,5,2,3,6,1,4,7,8,5,2,2,5,4,89,3,4,5,6,5,3,2,0,7,1,0,0,20,49,18,0,72,0,0,0,81,"interact with friends",3,3,3,2,2,5,367,371,159
232,0.714285714285714,2.77777777777778,2.5,2.71428571428571,3.2,5.03448275862069,2.38461538461538,3.83333333333333,3.31818181818182,2.5,4.33333333333333,3.55555555555556,2.25,3.7,2.91666666666667,2.66666666666667,3.16666666666667,5.375,"R_3EiDuWsGT88I3S5",20,"f","West Indian/ Trini","5",3,0,0,0,1,0,0,2,1,6,4,5,3,7,8,3,2,3,5,3,299,5,4,2,3,6,4,3,0,8,2,5,0,40,30,10,0,3,50,45,0,70,"boredom",2,3,3,1,3,6,855,866,178
233,0.523809523809524,4.22222222222222,3.66666666666667,4.42857142857143,4.6,6.48275862068965,1.84615384615385,4.91666666666667,3.43181818181818,4,3.44444444444444,1.77777777777778,4.375,3.7,3.58333333333333,3,4.16666666666667,4.75,"R_2t57Vs1jOapVdGK",18,"f","asian/asian canadian","4",3,0,0,0,1,0,1,NA,NA,NA,NA,NA,NA,NA,NA,NA,NA,NA,NA,NA,25,4,3,3,2,10,6,5,5,10,2,0,0,0,165,129,0,32,66,0,0,100,"procrastinate",1,1,1,1,1,5,2441,2501,392
234,0.714285714285714,2,1.33333333333333,2.28571428571429,2.4,4.48275862068965,2.92307692307692,3.25,3.59090909090909,4.375,4.22222222222222,3.22222222222222,2.25,3.8,2.83333333333333,4,1.66666666666667,5.25,"R_2rqIdkEDwNfsYR9",18,"m","white/caucasian","4",2,1,0,1,1,0,1,5,3,2,6,1,4,7,8,7,1,1,7,1,666,5,5,6,6,7,5,6,0,10,3,3,0,5,20,20,0,60,30,0,0,60,"hobby related",2,2,6,2,2,4,733,777,135
235,0.761904761904762,3.16666666666667,3.33333333333333,3.57142857142857,2.4,6.68965517241379,1.76923076923077,4.91666666666667,3.65909090909091,3.5,4.66666666666667,3.44444444444444,2.375,4.1,3.58333333333333,4,3.16666666666667,5.625,"R_31TSEFybyO5Kwcu",18,"m","southeast asian/indian","6",6,1,0,1,1,0,1,6,2,5,1,3,4,7,8,4,6,6,7,3,41,6,6,7,7,4,7,5,6,8,4,0,0,10,150,46,142,0,120,0,0,85,"procrastinate",1,1,1,1,1,1,1526,1558,468
236,0.666666666666667,3.27777777777778,3.5,2.57142857142857,4,6.72413793103448,2.30769230769231,4.58333333333333,3.06818181818182,2,4.44444444444444,2.66666666666667,3,3.1,2.91666666666667,3.5,2.33333333333333,5.125,"R_1Hdc9ydycvXBBIO",18,"f","asian/asian canadian","",5,1,0,0,0,0,0,5,4,2,3,1,8,7,6,7,1,1,7,6,100,4,4,5,6,9,1,4,5,10,0,5,5,0,69,69,71,93,0,0,0,65,"hobby related",3,2,3,1,2,6,NA,NA,302
